,id,salesID,productID,quantity
501,1,502,36,2
3869,1,1870,93,2
2152,1,153,70,10
2910,1,911,33,13
257,2,258,4,9
2768,2,769,1,15
987,2,988,49,7
2171,2,172,47,4
519,3,520,7,15
1261,3,1262,38,13
3435,3,1436,97,11
2047,3,48,51,11
1872,4,1873,71,7
273,4,274,18,6
1813,4,1814,69,11
114,4,115,4,2
455,5,456,15,6
53,5,54,46,12
1073,5,1074,38,13
3273,5,1274,8,7
2,6,3,72,11
3512,6,1513,12,5
3321,6,1322,71,5
1564,6,1565,8,6
2071,7,72,87,14
3782,7,1783,25,7
427,7,428,26,8
3072,7,1073,42,15
352,8,353,16,3
3047,8,1048,67,3
3543,8,1544,98,14
2841,8,842,65,6
3482,9,1483,36,12
500,9,501,5,6
806,9,807,37,2
440,9,441,32,3
719,10,720,95,1
3331,10,1332,88,13
2202,10,203,66,12
1329,10,1330,63,11
877,11,878,59,6
2003,11,4,4,15
1738,11,1739,83,15
1471,11,1472,98,1
3170,12,1171,32,9
2449,12,450,89,13
2595,12,596,10,2
1099,12,1100,12,15
3375,13,1376,55,9
2328,13,329,91,14
2560,13,561,15,10
103,13,104,33,11
3665,14,1666,90,14
779,14,780,90,4
1290,14,1291,42,2
156,14,157,1,1
649,15,650,15,5
556,15,557,52,6
270,15,271,37,4
3965,15,1966,32,14
1342,16,1343,11,6
1161,16,1162,63,1
0,16,1,40,14
3554,16,1555,64,7
678,17,679,22,9
95,17,96,61,7
625,17,626,25,3
541,17,542,30,14
1974,18,1975,15,2
2819,18,820,53,11
1923,18,1924,81,6
1501,18,1502,67,11
1175,19,1176,24,5
3642,19,1643,59,6
1362,19,1363,20,7
3409,19,1410,39,4
3843,20,1844,82,8
2469,20,470,2,12
2990,20,991,24,6
1594,20,1595,95,2
3437,21,1438,82,7
3080,21,1081,64,8
464,21,465,64,13
3185,21,1186,55,11
249,22,250,42,9
3052,22,1053,15,5
1116,22,1117,78,2
3651,22,1652,90,2
487,23,488,6,6
1086,23,1087,10,2
3581,23,1582,19,15
1326,23,1327,84,3
3612,24,1613,30,13
2967,24,968,49,2
2259,24,260,85,11
983,24,984,42,15
1658,25,1659,12,6
656,25,657,84,1
2094,25,95,91,5
1958,25,1959,79,3
3939,26,1940,2,3
3630,26,1631,71,12
2307,26,308,92,7
24,26,25,43,4
3940,27,1941,82,14
2749,27,750,41,7
2051,27,52,72,3
2959,27,960,57,13
1391,28,1392,83,7
1631,28,1632,87,9
154,28,155,26,8
1846,28,1847,73,13
1075,29,1076,16,11
998,29,999,78,7
3150,29,1151,53,8
827,29,828,91,6
1435,30,1436,2,4
2680,30,681,34,10
1219,30,1220,3,12
2108,30,109,66,9
367,31,368,57,4
2383,31,384,1,5
2066,31,67,38,11
1535,31,1536,19,9
1453,32,1454,48,11
2702,32,703,30,14
3075,32,1076,44,15
798,32,799,54,9
1083,33,1084,8,1
3494,33,1495,34,7
152,33,153,68,1
2924,33,925,88,7
2872,34,873,38,11
2871,34,872,76,3
2618,34,619,32,12
3882,34,1883,48,2
3861,35,1862,95,9
287,35,288,41,9
1451,35,1452,93,10
2612,35,613,33,13
2442,36,443,32,5
1699,36,1700,50,3
2283,36,284,79,13
1886,36,1887,59,7
1203,37,1204,28,5
3673,37,1674,35,9
2372,37,373,77,9
3847,37,1848,10,5
602,38,603,81,11
947,38,948,47,10
250,38,251,11,6
2589,38,590,6,1
3536,39,1537,90,7
1702,39,1703,2,14
622,39,623,21,7
1093,39,1094,98,4
1780,40,1781,58,1
597,40,598,55,9
3791,40,1792,29,10
408,40,409,98,11
2476,41,477,68,10
883,41,884,41,13
2646,41,647,46,6
2261,41,262,83,10
841,42,842,77,8
1134,42,1135,53,2
840,42,841,83,3
3242,42,1243,88,4
3376,43,1377,19,9
410,43,411,36,14
1888,43,1889,62,2
3430,43,1431,46,12
2222,44,223,74,5
515,44,516,19,11
2620,44,621,11,15
2508,44,509,70,11
3914,45,1915,79,8
2915,45,916,78,1
3290,45,1291,6,12
2435,45,436,58,1
1807,46,1808,48,14
1924,46,1925,13,2
1056,46,1057,30,3
175,46,176,23,1
357,47,358,100,7
3730,47,1731,21,1
1227,47,1228,4,12
565,47,566,82,6
3393,48,1394,58,12
927,48,928,88,8
2501,48,502,34,6
135,48,136,33,9
2722,49,723,25,1
1190,49,1191,97,10
657,49,658,22,13
1836,49,1837,93,11
1815,50,1816,42,4
2770,50,771,4,6
2176,50,177,41,6
3318,50,1319,38,5
1180,51,1181,81,2
1837,51,1838,88,10
3173,51,1174,91,10
2587,51,588,36,12
1412,52,1413,98,3
3708,52,1709,99,7
275,52,276,59,10
3083,52,1084,26,11
2337,53,338,82,4
3475,53,1476,22,13
1288,53,1289,40,13
2128,53,129,17,11
3573,54,1574,27,14
1689,54,1690,24,15
1763,54,1764,2,1
475,54,476,81,4
2973,55,974,75,1
3241,55,1242,46,1
3895,55,1896,8,15
3787,55,1788,100,7
304,56,305,60,2
2042,56,43,67,4
512,56,513,65,7
1596,56,1597,69,11
411,57,412,22,9
3029,57,1030,23,6
850,57,851,69,13
1665,57,1666,29,11
2103,58,104,85,7
810,58,811,95,4
3456,58,1457,11,14
3524,58,1525,7,14
3471,59,1472,3,5
930,59,931,72,10
1292,59,1293,65,12
1801,59,1802,15,15
2928,60,929,46,10
2717,60,718,92,8
3974,60,1975,27,4
2323,60,324,56,4
1884,61,1885,64,12
2797,61,798,45,6
2055,61,56,48,1
3534,61,1535,94,14
2059,62,60,3,3
1643,62,1644,34,10
3903,62,1904,80,6
2730,62,731,44,13
722,63,723,17,15
756,63,757,18,15
2724,63,725,26,2
2167,63,168,33,9
3416,64,1417,62,6
3604,64,1605,15,3
3508,64,1509,45,4
860,64,861,79,2
861,65,862,82,6
1049,65,1050,93,14
2870,65,871,12,8
3934,65,1935,25,8
2080,66,81,14,8
3698,66,1699,85,10
3907,66,1908,14,9
672,66,673,8,2
704,67,705,13,3
1568,67,1569,85,6
2314,67,315,57,10
2907,67,908,96,2
1909,68,1910,100,7
404,68,405,55,10
3332,68,1333,82,5
610,68,611,89,4
2127,69,128,25,2
799,69,800,8,2
1259,69,1260,17,5
3491,69,1492,57,11
3073,70,1074,87,14
2198,70,199,31,11
1826,70,1827,16,13
3509,70,1510,48,9
3098,71,1099,90,4
3301,71,1302,81,12
3537,71,1538,97,12
2896,71,897,55,8
681,72,682,48,15
1932,72,1933,61,2
1868,72,1869,96,1
747,72,748,5,4
3826,73,1827,15,13
3790,73,1791,55,12
3473,73,1474,19,11
513,73,514,79,11
2952,74,953,74,13
738,74,739,28,5
2713,74,714,41,10
1667,74,1668,44,2
2319,75,320,86,3
3722,75,1723,23,10
701,75,702,90,6
691,75,692,9,15
1845,76,1846,96,6
3878,76,1879,50,11
676,76,677,27,11
3243,76,1244,29,4
1746,77,1747,5,8
2008,77,9,16,11
2502,77,503,64,1
400,77,401,86,5
1827,78,1828,32,8
2785,78,786,40,12
240,78,241,24,8
3779,78,1780,98,11
2392,79,393,12,12
1112,79,1113,48,3
3274,79,1275,54,11
2835,79,836,26,7
3624,80,1625,84,6
885,80,886,61,8
1269,80,1270,28,7
3390,80,1391,65,6
1422,81,1423,48,14
1413,81,1414,43,14
469,81,470,74,3
1433,81,1434,98,5
3400,82,1401,27,4
3560,82,1561,79,6
1972,82,1973,40,9
3529,82,1530,97,5
3391,83,1392,14,11
1268,83,1269,71,5
418,83,419,17,14
669,83,670,24,3
1301,84,1302,33,3
3180,84,1181,86,15
734,84,735,39,10
545,84,546,73,13
280,85,281,7,12
2925,85,926,29,5
1375,85,1376,98,7
1947,85,1948,42,3
2236,86,237,96,10
2632,86,633,88,1
620,86,621,90,6
237,86,238,22,1
1616,87,1617,100,5
2962,87,963,99,1
2204,87,205,74,12
3900,87,1901,58,8
1979,88,1980,47,15
375,88,376,59,2
1607,88,1608,13,6
1706,88,1707,1,7
3926,89,1927,58,15
2781,89,782,33,11
1442,89,1443,61,14
1434,89,1435,35,15
392,90,393,64,3
3778,90,1779,75,4
1675,90,1676,2,5
3129,90,1130,23,10
2190,91,191,54,14
1915,91,1916,8,9
3105,91,1106,52,2
2012,91,13,46,12
2648,92,649,55,12
385,92,386,72,8
1882,92,1883,7,9
4,92,5,20,13
1672,93,1673,29,8
3929,93,1930,83,9
2497,93,498,43,6
1744,93,1745,81,5
2830,94,831,5,9
2130,94,131,60,3
2912,94,913,25,1
2144,94,145,43,2
55,95,56,91,12
168,95,169,58,15
2188,95,189,52,15
1284,95,1285,60,6
3099,96,1100,16,15
3036,96,1037,61,10
201,96,202,9,14
2512,96,513,60,12
3803,97,1804,65,5
1350,97,1351,69,11
2637,97,638,33,5
1210,97,1211,99,7
1349,98,1350,33,4
480,98,481,39,15
86,98,87,52,5
2367,98,368,26,7
167,99,168,47,12
73,99,74,67,10
2382,99,383,38,10
2272,99,273,40,5
3370,100,1371,82,10
2243,100,244,32,1
1243,100,1244,91,11
3302,100,1303,82,8
673,101,674,79,13
3258,101,1259,53,15
3853,101,1854,99,11
496,101,497,89,1
3949,102,1950,31,12
3943,102,1944,37,5
1696,102,1697,25,9
3361,102,1362,96,15
3744,103,1745,43,11
2036,103,37,100,1
2407,103,408,80,1
2609,103,610,56,8
3724,104,1725,94,6
2794,104,795,62,4
3310,104,1311,56,9
2018,104,19,37,9
1496,105,1497,59,9
3773,105,1774,16,9
2284,105,285,12,1
1898,105,1899,51,4
1185,106,1186,39,14
702,106,703,35,12
1174,106,1175,82,7
1788,106,1789,70,3
1407,107,1408,78,5
174,107,175,88,13
3442,107,1443,66,12
1584,107,1585,95,6
506,108,507,98,5
3736,108,1737,25,7
186,108,187,49,5
2846,108,847,45,13
3650,109,1651,90,9
2183,109,184,62,5
1576,109,1577,61,1
3520,109,1521,71,1
3486,110,1487,36,13
1322,110,1323,29,8
372,110,373,25,6
3320,110,1321,98,11
3032,111,1033,87,9
1080,111,1081,78,5
1897,111,1898,59,11
2701,111,702,48,10
3984,112,1985,79,4
2735,112,736,56,4
544,112,545,40,9
2129,112,130,46,2
1723,113,1724,7,13
1017,113,1018,76,13
40,113,41,87,6
2132,113,133,96,8
1287,114,1288,64,6
1104,114,1105,93,3
161,114,162,97,9
2433,114,434,76,13
1184,115,1185,31,9
3662,115,1663,34,5
1781,115,1782,24,2
3126,115,1127,87,10
2506,116,507,7,15
3829,116,1830,88,10
1179,116,1180,11,11
1570,116,1571,65,2
191,117,192,32,5
2649,117,650,58,4
2179,117,180,56,1
2874,117,875,51,15
2201,118,202,11,14
3306,118,1307,97,9
624,118,625,65,5
3571,118,1572,7,7
1221,119,1222,78,12
1951,119,1952,63,4
674,119,675,56,3
778,119,779,3,9
377,120,378,61,13
3291,120,1292,5,6
3493,120,1494,81,15
1769,120,1770,80,15
2532,121,533,79,10
572,121,573,23,7
1642,121,1643,47,1
2824,121,825,91,8
1623,122,1624,64,5
3948,122,1949,26,6
3402,122,1403,17,9
3735,122,1736,6,15
809,123,810,5,6
852,123,853,65,14
1793,123,1794,80,14
153,123,154,2,1
2956,124,957,57,10
658,124,659,34,13
1258,124,1259,62,15
3714,124,1715,85,11
262,125,263,100,12
1248,125,1249,25,15
3568,125,1569,82,11
1953,125,1954,93,4
2704,126,705,94,14
2679,126,680,66,2
2541,126,542,60,5
3525,126,1526,75,6
2296,127,297,58,12
2099,127,100,77,12
272,127,273,99,1
1145,127,1146,65,13
3842,128,1843,32,12
2684,128,685,51,15
3256,128,1257,60,2
3647,128,1648,84,1
205,129,206,4,3
3174,129,1175,47,13
1977,129,1978,27,4
1064,129,1065,45,7
3474,130,1475,99,7
2901,130,902,62,7
2162,130,163,89,8
3162,130,1163,53,7
3635,131,1636,35,3
2754,131,755,96,11
1785,131,1786,97,5
1230,131,1231,10,5
22,132,23,41,5
3514,132,1515,9,6
2771,132,772,73,15
904,132,905,91,12
3613,133,1614,52,11
946,133,947,20,7
3319,133,1320,73,4
76,133,77,47,5
2429,134,430,81,6
713,134,714,97,12
1085,134,1086,73,2
3197,134,1198,31,4
3175,135,1176,63,7
1839,135,1840,40,6
2193,135,194,14,11
1729,135,1730,47,14
800,136,801,8,15
2668,136,669,94,3
596,136,597,56,14
2977,136,978,40,5
3652,137,1653,12,12
2163,137,164,29,4
2963,137,964,31,5
1242,137,1243,97,9
2744,138,745,64,1
3544,138,1545,34,15
974,138,975,88,6
3883,138,1884,76,14
3834,139,1835,25,10
2255,139,256,37,11
540,139,541,57,1
2159,139,160,67,13
3578,140,1579,57,2
1377,140,1378,18,2
3181,140,1182,38,10
3091,140,1092,33,12
2250,141,251,30,12
3460,141,1461,24,1
1921,141,1922,70,7
1196,141,1197,26,11
2249,142,250,93,10
2905,142,906,64,6
59,142,60,43,3
1206,142,1207,12,4
881,143,882,11,8
2270,143,271,52,7
2498,143,499,70,8
535,143,536,39,5
3112,144,1113,46,1
3824,144,1825,37,15
2483,144,484,22,1
2160,144,161,37,8
3371,145,1372,46,9
294,145,295,85,11
1139,145,1140,75,7
1251,145,1252,51,2
3366,146,1367,69,6
3961,146,1962,18,15
2067,146,68,49,13
1170,146,1171,71,7
871,147,872,18,6
2411,147,412,62,1
2050,147,51,98,15
650,147,651,20,7
2945,148,946,82,14
1651,148,1652,89,8
2470,148,471,91,4
99,148,100,63,14
599,149,600,16,9
297,149,298,3,12
1481,149,1482,95,14
1205,149,1206,51,3
2496,150,497,13,6
3683,150,1684,64,10
3012,150,1013,97,13
125,150,126,63,15
204,151,205,71,11
1939,151,1940,45,3
2610,151,611,54,1
2325,151,326,84,8
1040,152,1041,24,3
3519,152,1520,60,10
3946,152,1947,15,3
402,152,403,63,4
1646,153,1647,94,12
326,153,327,65,7
2463,153,464,4,4
2837,153,838,6,15
149,154,150,94,7
461,154,462,38,8
785,154,786,5,11
3002,154,1003,8,1
3809,155,1810,10,6
2602,155,603,97,4
17,155,18,9,7
1217,155,1218,57,1
2693,156,694,3,12
54,156,55,1,6
2807,156,808,89,8
1100,156,1101,35,1
1344,157,1345,87,8
2993,157,994,65,10
261,157,262,71,3
2894,157,895,32,12
243,158,244,81,9
692,158,693,98,15
635,158,636,61,14
3191,158,1192,38,6
2511,159,512,65,15
636,159,637,18,7
3627,159,1628,59,14
933,159,934,68,5
467,160,468,79,3
395,160,396,42,7
3347,160,1348,61,7
1457,160,1458,33,9
2980,161,981,37,5
2046,161,47,12,6
2098,161,99,26,6
1168,161,1169,32,10
1038,162,1039,48,7
3885,162,1886,85,2
1102,162,1103,54,6
2944,162,945,35,6
814,163,815,9,6
100,163,101,75,12
3891,163,1892,7,2
109,163,110,9,9
2390,164,391,13,4
3814,164,1815,1,10
3562,164,1563,64,6
632,164,633,47,14
2898,165,899,67,5
1505,165,1506,69,6
324,165,325,40,15
260,165,261,76,14
1887,166,1888,34,1
2558,166,559,75,3
2131,166,132,18,5
1065,166,1066,60,13
2072,167,73,72,8
1408,167,1409,69,10
3423,167,1424,94,7
151,167,152,59,10
364,168,365,43,5
3289,168,1290,2,1
1786,168,1787,34,3
387,168,388,61,13
3202,169,1203,70,11
737,169,738,51,13
2126,169,127,29,8
2663,169,664,27,11
1379,170,1380,84,1
1084,170,1085,70,9
2228,170,229,13,8
2057,170,58,75,14
213,171,214,77,8
2282,171,283,70,8
2970,171,971,58,12
3610,171,1611,23,2
592,172,593,67,5
1092,172,1093,99,14
1913,172,1914,63,12
2572,172,573,40,2
966,173,967,100,1
485,173,486,30,6
638,173,639,28,7
1033,173,1034,33,15
715,174,716,64,12
458,174,459,5,12
3207,174,1208,90,5
2983,174,984,17,6
160,175,161,54,9
3193,175,1194,98,15
3990,175,1991,85,4
2982,175,983,68,15
1294,176,1295,21,7
1360,176,1361,49,2
2777,176,778,42,9
3991,176,1992,15,12
468,177,469,97,6
1247,177,1248,11,7
1598,177,1599,72,8
2019,177,20,71,6
1452,178,1453,55,4
463,178,464,51,15
508,178,509,93,2
1943,178,1944,74,11
3328,179,1329,81,2
2850,179,851,65,7
3577,179,1578,46,5
3220,179,1221,98,13
943,180,944,54,4
225,180,226,88,6
2946,180,947,14,5
1271,180,1272,89,11
3983,181,1984,12,14
1591,181,1592,91,1
2172,181,173,69,2
991,181,992,20,9
3682,182,1683,41,3
2513,182,514,31,4
1336,182,1337,91,8
3107,182,1108,15,9
278,183,279,42,11
3737,183,1738,85,10
671,183,672,31,3
177,183,178,84,3
1066,184,1067,12,10
1911,184,1912,30,14
922,184,923,42,6
1181,184,1182,53,10
107,185,108,95,15
1757,185,1758,96,9
2451,185,452,79,12
1751,185,1752,70,5
360,186,361,81,13
962,186,963,19,3
3643,186,1644,34,2
444,186,445,44,14
1513,187,1514,60,12
538,187,539,78,9
2317,187,318,51,13
915,187,916,12,1
1119,188,1120,84,1
1183,188,1184,93,4
2756,188,757,64,12
2199,188,200,94,8
2939,189,940,53,1
3041,189,1042,73,10
614,189,615,71,13
2401,189,402,2,1
215,190,216,30,7
306,190,307,92,5
558,190,559,13,9
3251,190,1252,27,1
3654,191,1655,29,2
2256,191,257,84,7
3208,191,1209,25,8
3217,191,1218,40,13
2685,192,686,55,9
3501,192,1502,73,2
2006,192,7,19,7
383,192,384,97,10
132,193,133,71,7
2537,193,538,58,13
2408,193,409,98,13
2060,193,61,100,11
1783,194,1784,30,8
193,194,194,41,9
1565,194,1566,93,15
3550,194,1551,19,7
3530,195,1531,5,11
2594,195,595,38,1
3770,195,1771,81,2
3104,195,1105,36,15
2948,196,949,64,3
621,196,622,78,7
2657,196,658,3,9
1144,196,1145,38,11
1158,197,1159,89,15
3957,197,1958,86,11
1747,197,1748,47,4
93,197,94,63,10
1022,198,1023,2,1
3976,198,1977,4,5
2524,198,525,96,6
1617,198,1618,42,8
1711,199,1712,49,2
1416,199,1417,4,9
3239,199,1240,22,11
3663,199,1664,95,15
3507,200,1508,16,1
1437,200,1438,35,7
3229,200,1230,69,13
2718,200,719,15,11
2115,201,116,42,8
1561,201,1562,56,12
3570,201,1571,100,8
2495,201,496,25,5
1810,202,1811,64,10
3056,202,1057,29,8
2033,202,34,35,15
83,202,84,17,12
2608,203,609,71,5
864,203,865,85,7
1466,203,1467,93,7
2480,203,481,97,3
416,204,417,26,14
75,204,76,34,10
3020,204,1021,10,8
3765,204,1766,13,2
874,205,875,91,15
1313,205,1314,75,3
2434,205,435,6,1
683,205,684,12,1
3288,206,1289,61,2
1055,206,1056,37,13
1716,206,1717,5,13
1319,206,1320,70,9
3841,207,1842,94,15
1323,207,1324,51,12
1308,207,1309,73,1
3397,207,1398,47,5
2985,208,986,55,1
3628,208,1629,89,2
753,208,754,55,9
3225,208,1226,31,11
3045,209,1046,18,12
1750,209,1751,92,1
3750,209,1751,13,13
3712,209,1713,43,1
3648,210,1649,18,10
50,210,51,16,9
1363,210,1364,95,5
682,210,683,35,14
559,211,560,88,9
1516,211,1517,25,13
1127,211,1128,28,10
2247,211,248,42,10
2700,212,701,55,8
3564,212,1565,70,6
2402,212,403,51,14
3840,212,1841,60,7
3696,213,1697,76,3
3296,213,1297,6,9
2643,213,644,63,11
1688,213,1689,81,5
1618,214,1619,91,15
2104,214,105,38,6
3757,214,1758,56,9
3505,214,1506,86,10
1944,215,1945,56,10
1026,215,1027,90,3
1894,215,1895,91,2
980,215,981,78,14
1090,216,1091,53,14
188,216,189,97,10
1669,216,1670,67,7
1303,216,1304,83,8
504,217,505,12,6
1270,217,1271,50,15
1366,217,1367,33,9
3932,217,1933,88,1
3504,218,1505,66,10
2353,218,354,82,6
3743,218,1744,47,14
2614,218,615,48,10
445,219,446,71,6
817,219,818,90,10
2720,219,721,3,8
1563,219,1564,72,4
2844,220,845,27,8
1957,220,1958,47,4
1029,220,1030,19,2
3831,220,1832,24,2
3528,221,1529,60,7
518,221,519,89,11
2588,221,589,78,2
3253,221,1254,90,3
1733,222,1734,91,14
997,222,998,78,9
134,222,135,55,7
258,222,259,88,7
3917,223,1918,46,5
2245,223,246,24,15
1802,223,1803,95,10
1739,223,1740,27,14
1289,224,1290,100,13
3118,224,1119,43,6
443,224,444,75,5
1799,224,1800,75,14
1645,225,1646,3,11
2133,225,134,25,4
3920,225,1921,86,3
793,225,794,70,13
563,226,564,8,13
1094,226,1095,10,5
957,226,958,18,13
2723,226,724,77,6
3403,227,1404,21,7
1460,227,1461,33,12
2858,227,859,56,6
557,227,558,5,9
2000,228,1,69,9
2805,228,806,4,11
3667,228,1668,37,11
2362,228,363,75,4
3414,229,1415,88,13
129,229,130,54,15
1935,229,1936,14,13
166,229,167,6,9
3600,230,1601,16,14
3113,230,1114,47,15
527,230,528,100,15
3569,230,1570,40,5
426,231,427,76,3
1754,231,1755,22,13
1263,231,1264,57,11
3278,231,1279,59,14
832,232,833,34,12
169,232,170,12,9
1946,232,1947,89,5
2474,232,475,38,3
3865,233,1866,15,13
234,233,235,9,11
339,233,340,4,12
1380,233,1381,60,1
288,234,289,23,6
896,234,897,57,2
2635,234,636,14,7
3923,234,1924,83,8
1182,235,1183,89,1
1914,235,1915,54,13
3792,235,1793,42,12
2175,235,176,43,4
3646,236,1647,63,6
1955,236,1956,7,11
2664,236,665,27,7
3351,236,1352,85,10
1480,237,1481,29,7
3769,237,1770,20,5
3702,237,1703,81,1
3994,237,1995,75,2
2788,238,789,78,14
2672,238,673,92,2
1559,238,1560,48,3
3886,238,1887,75,8
2313,239,314,41,4
1283,239,1284,73,11
3521,239,1522,68,7
1113,239,1114,25,11
47,240,48,13,6
2413,240,414,30,14
716,240,717,64,6
2216,240,217,77,2
2119,241,120,33,14
368,241,369,61,5
2885,241,886,91,10
1697,241,1698,61,15
2339,242,340,6,13
2752,242,753,24,1
3960,242,1961,83,1
2235,242,236,7,11
2518,243,519,57,11
2090,243,91,7,11
218,243,219,64,12
1492,243,1493,83,6
2462,244,463,48,3
1685,244,1686,92,14
1163,244,1164,57,11
2840,244,841,75,7
961,245,962,98,15
549,245,550,2,8
984,245,985,67,8
3094,245,1095,60,11
1800,246,1801,66,12
2703,246,704,45,3
580,246,581,94,12
1695,246,1696,45,1
2692,247,693,46,8
996,247,997,26,4
2477,247,478,34,3
972,247,973,32,8
1209,248,1210,70,4
85,248,86,65,6
993,248,994,31,3
3270,248,1271,53,12
774,249,775,26,12
457,249,458,86,5
1374,249,1375,82,15
2769,249,770,76,3
37,250,38,87,9
1722,250,1723,2,11
736,250,737,89,10
1213,250,1214,14,6
3095,251,1096,27,7
1482,251,1483,26,6
1207,251,1208,1,13
3436,251,1437,33,15
1348,252,1349,39,6
2554,252,555,81,3
1332,252,1333,70,5
1824,252,1825,79,13
124,253,125,81,3
1541,253,1542,32,4
2900,253,901,44,15
2792,253,793,58,3
2727,254,728,89,2
2368,254,369,92,3
831,254,832,39,6
3856,254,1857,55,6
3603,255,1604,14,13
335,255,336,64,12
327,255,328,22,14
3424,255,1425,84,7
1013,256,1014,100,3
2782,256,783,20,12
3178,256,1179,71,14
2027,256,28,53,10
941,257,942,62,2
711,257,712,42,2
906,257,907,30,13
3136,257,1137,77,5
1233,258,1234,89,6
2918,258,919,42,3
913,258,914,35,6
1903,258,1904,56,3
1829,259,1830,22,1
1889,259,1890,10,5
3561,259,1562,68,14
3327,259,1328,44,2
2564,260,565,36,6
3740,260,1741,72,10
1095,260,1096,20,10
264,260,265,78,5
1980,261,1981,65,1
1627,261,1628,68,8
3089,261,1090,60,1
1715,261,1716,1,12
3540,262,1541,84,4
2444,262,445,69,13
1629,262,1630,20,14
899,262,900,85,3
2628,263,629,61,14
3674,263,1675,97,15
1573,263,1574,18,6
2622,263,623,40,10
2523,264,524,65,12
3638,264,1639,14,15
862,264,863,4,4
1297,264,1298,34,15
245,265,246,71,1
3108,265,1109,87,11
3833,265,1834,100,1
67,265,68,19,8
3050,266,1051,11,14
2327,266,328,49,11
2467,266,468,4,5
3212,266,1213,23,7
3517,267,1518,23,15
1708,267,1709,11,13
2168,267,169,43,8
1509,267,1510,18,10
534,268,535,1,5
3492,268,1493,12,7
3717,268,1718,77,15
235,268,236,76,6
3688,269,1689,60,1
639,269,640,67,14
1425,269,1426,45,5
1789,269,1790,49,9
3675,270,1676,9,3
2116,270,117,28,9
3626,270,1627,82,4
2552,270,553,11,13
1235,271,1236,38,9
754,271,755,92,2
1838,271,1839,36,5
2332,271,333,91,7
2540,272,541,8,2
3018,272,1019,35,8
3970,272,1971,93,9
271,272,272,43,15
2935,273,936,11,10
2374,273,375,84,15
12,273,13,72,8
825,273,826,95,7
2101,274,102,11,14
1436,274,1437,93,12
564,274,565,89,4
578,274,579,100,7
1647,275,1648,88,8
3801,275,1802,52,14
2697,275,698,89,2
3308,275,1309,100,7
144,276,145,27,15
3880,276,1881,17,7
1936,276,1937,60,11
3727,276,1728,59,8
2583,277,584,73,14
1885,277,1886,100,8
3245,277,1246,9,13
954,277,955,49,2
3971,278,1972,17,2
158,278,159,21,10
2082,278,83,40,3
11,278,12,71,1
3676,279,1677,45,12
3228,279,1229,7,7
1421,279,1422,69,10
3342,279,1343,28,11
2897,280,898,47,8
3731,280,1732,2,10
1635,280,1636,58,14
1942,280,1943,15,3
830,281,831,68,13
1703,281,1704,21,14
1638,281,1639,20,2
2403,281,404,85,15
2743,282,744,31,5
1710,282,1711,70,7
3017,282,1018,71,4
1621,282,1622,16,9
1278,283,1279,45,6
2031,283,32,47,1
2065,283,66,73,11
1070,283,1071,99,11
2954,284,955,4,1
62,284,63,73,8
2796,284,797,71,7
3513,284,1514,10,13
1193,285,1194,70,9
1630,285,1631,99,3
1683,285,1684,55,13
1305,285,1306,24,10
1890,286,1891,89,1
3741,286,1742,25,9
447,286,448,67,7
2111,286,112,27,1
2696,287,697,3,7
98,287,99,48,10
159,287,160,21,10
238,287,239,78,2
2029,288,30,50,15
2992,288,993,100,11
3148,288,1149,21,9
2425,288,426,11,3
20,289,21,47,10
3898,289,1899,9,2
2386,289,387,81,7
477,289,478,97,4
717,290,718,43,6
2475,290,476,95,2
3352,290,1353,27,14
1272,290,1273,46,8
2058,291,59,72,11
230,291,231,62,4
3576,291,1577,67,7
1969,291,1970,8,13
25,292,26,44,4
3459,292,1460,44,3
90,292,91,9,7
2056,292,57,54,6
2725,293,726,84,2
2976,293,977,98,5
2385,293,386,93,7
3644,293,1645,87,8
3649,294,1650,36,8
2621,294,622,89,7
2487,294,488,79,7
989,294,990,78,4
887,295,888,89,13
2708,295,709,22,11
694,295,695,46,5
3068,295,1069,59,3
1752,296,1753,96,3
3927,296,1928,59,12
839,296,840,41,8
3795,296,1796,60,5
3235,297,1236,98,13
2772,297,773,68,4
3832,297,1833,27,2
1660,297,1661,48,2
3941,298,1942,98,13
2751,298,752,98,14
3287,298,1288,63,14
1500,298,1501,86,6
2806,299,807,18,9
1042,299,1043,94,15
3062,299,1063,12,3
3224,299,1225,38,7
2895,300,896,84,13
1286,300,1287,28,12
1975,300,1976,34,7
2155,300,156,6,15
14,301,15,15,6
451,301,452,34,5
2793,301,794,13,13
349,301,350,43,6
2048,302,49,45,11
849,302,850,51,3
1178,302,1179,53,3
2180,302,181,18,7
2748,303,749,26,5
2740,303,741,23,13
453,303,454,59,8
1881,303,1882,16,3
3380,304,1381,67,2
1849,304,1850,16,13
2315,304,316,15,9
266,304,267,92,11
3549,305,1550,25,12
268,305,269,50,2
808,305,809,84,7
979,305,980,33,7
2262,306,263,59,14
1704,306,1705,66,14
2734,306,735,25,14
836,306,837,61,6
1397,307,1398,14,13
406,307,407,62,11
1964,307,1965,2,9
396,307,397,7,11
3142,308,1143,51,8
491,308,492,99,3
3429,308,1430,49,4
1281,308,1282,14,1
590,309,591,9,2
1967,309,1968,81,5
3813,309,1814,9,8
2875,309,876,26,4
1574,310,1575,43,7
2242,310,243,57,15
2530,310,531,78,1
2061,310,62,49,12
199,311,200,51,3
2616,311,617,43,3
784,311,785,86,7
3572,311,1573,92,2
1164,312,1165,79,1
3762,312,1763,10,7
1654,312,1655,1,5
1046,312,1047,76,5
2899,313,900,3,11
1495,313,1496,100,11
994,313,995,94,14
3447,313,1448,18,11
1476,314,1477,56,14
2893,314,894,45,1
548,314,549,94,4
2731,314,732,58,15
3591,315,1592,16,7
1787,315,1788,56,11
1971,315,1972,45,13
1128,315,1129,48,12
2366,316,367,75,13
3767,316,1768,10,12
3987,316,1988,57,3
3034,316,1035,52,14
2182,317,183,4,7
892,317,893,24,9
1312,317,1313,81,2
3365,317,1366,79,4
2823,318,824,66,15
3817,318,1818,23,15
220,318,221,1,3
2254,318,255,93,11
3065,319,1066,10,10
3567,319,1568,36,5
3461,319,1462,69,2
3849,319,1850,40,4
2244,320,245,57,1
748,320,749,28,10
820,320,821,1,15
254,320,255,31,14
3645,321,1646,22,13
2617,321,618,12,14
2015,321,16,4,5
498,321,499,61,12
1404,322,1405,18,10
2627,322,628,18,14
3925,322,1926,53,8
3558,322,1559,12,1
2528,323,529,65,5
539,323,540,29,6
3392,323,1393,92,5
1727,323,1728,80,8
1693,324,1694,66,6
2978,324,979,18,12
2279,324,280,8,11
2238,324,239,42,12
3205,325,1206,70,2
1498,325,1499,3,3
2709,325,710,12,13
2277,325,278,62,6
2225,326,226,86,13
2624,326,625,46,8
2086,326,87,41,4
3587,326,1588,41,6
423,327,424,43,8
3687,327,1688,69,1
1926,327,1927,35,15
920,327,921,65,12
1257,328,1258,32,3
371,328,372,5,12
2803,328,804,50,15
405,328,406,98,15
3215,329,1216,23,5
1320,329,1321,87,5
1236,329,1237,45,11
1952,329,1953,83,8
2109,330,110,99,10
851,330,852,58,9
1960,330,1961,41,5
2479,330,480,77,1
1560,331,1561,49,3
1237,331,1238,92,7
2414,331,415,2,4
5,331,6,20,11
834,332,835,17,8
3457,332,1458,9,11
1994,332,1995,36,12
346,332,347,66,14
829,333,830,56,12
1418,333,1419,25,7
1240,333,1241,72,3
3260,333,1261,14,7
155,334,156,49,12
804,334,805,15,9
2991,334,992,84,2
612,334,613,15,15
263,335,264,32,12
1918,335,1919,79,7
2200,335,201,30,7
1324,335,1325,55,6
1546,336,1547,95,10
1764,336,1765,53,11
2181,336,182,61,13
2984,336,985,15,9
488,337,489,5,5
3738,337,1739,59,14
403,337,404,87,4
435,337,436,9,9
1922,338,1923,29,2
3386,338,1387,1,7
1604,338,1605,25,10
2123,338,124,41,15
3846,339,1847,59,8
3597,339,1598,29,13
1891,339,1892,12,5
641,339,642,81,8
873,340,874,33,14
1208,340,1209,45,4
3168,340,1169,99,10
944,340,945,40,14
2847,341,848,56,2
3874,341,1875,27,7
3548,341,1549,31,9
567,341,568,19,2
1370,342,1371,61,8
246,342,247,89,3
1431,342,1432,13,10
1388,342,1389,18,6
300,343,301,46,1
315,343,316,47,5
2079,343,80,22,2
3141,343,1142,8,12
449,344,450,21,15
192,344,193,98,14
3585,344,1586,64,8
2966,344,967,18,2
1996,345,1997,36,1
2137,345,138,16,1
3116,345,1117,5,7
796,345,797,59,6
1948,346,1949,9,1
1758,346,1759,42,1
2755,346,756,49,13
1486,346,1487,44,8
2838,347,839,22,14
2597,347,598,44,14
2605,347,606,78,4
3154,347,1155,84,12
2760,348,761,59,9
415,348,416,5,10
3553,348,1554,26,2
1895,348,1896,13,2
1713,349,1714,22,11
2759,349,760,31,2
1741,349,1742,45,9
2095,349,96,79,15
688,350,689,88,5
2430,350,431,42,12
3897,350,1898,42,4
3004,350,1005,84,14
828,351,829,44,6
1153,351,1154,75,13
1656,351,1657,49,8
2599,351,600,89,6
1142,352,1143,6,4
2466,352,467,34,9
880,352,881,74,14
1489,352,1490,54,7
1405,353,1406,8,12
1817,353,1818,73,11
3418,353,1419,55,12
1900,353,1901,94,3
251,354,252,32,13
2681,354,682,80,13
3756,354,1757,26,3
2266,354,267,49,9
195,355,196,40,14
1020,355,1021,88,13
3609,355,1610,20,7
3090,355,1091,11,9
3964,356,1965,76,14
106,356,107,91,14
465,356,466,1,4
2211,356,212,86,15
2376,357,377,8,10
3280,357,1281,72,8
1291,357,1292,34,12
2191,357,192,98,13
2544,358,545,95,9
142,358,143,9,6
813,358,814,59,8
1381,358,1382,16,10
1759,359,1760,52,12
2739,359,740,100,1
555,359,556,10,10
2118,359,119,60,13
1608,360,1609,39,11
1087,360,1088,7,3
2778,360,779,32,2
910,360,911,59,13
1997,361,1998,31,8
3582,361,1583,97,7
2557,361,558,63,11
1508,361,1509,41,12
1314,362,1315,83,12
3084,362,1085,34,15
1300,362,1301,72,12
3788,362,1789,47,3
1218,363,1219,12,10
2579,363,580,98,7
1841,363,1842,21,1
2964,363,965,35,9
1043,364,1044,31,3
2636,364,637,41,1
842,364,843,85,4
1316,364,1317,49,14
647,365,648,29,6
1590,365,1591,23,5
685,365,686,40,10
936,365,937,99,7
170,366,171,81,11
1732,366,1733,66,9
1634,366,1635,35,5
1650,366,1651,27,6
732,367,733,18,3
3910,367,1911,21,2
3681,367,1682,86,1
2044,367,45,16,14
975,368,976,55,7
1554,368,1555,82,7
699,368,700,75,3
3997,368,1998,64,1
2227,369,228,94,6
3579,369,1580,50,9
551,369,552,31,6
1222,369,1223,16,10
1069,370,1070,100,1
115,370,116,1,12
3151,370,1152,80,1
2013,370,14,73,5
2478,371,479,48,15
2517,371,518,43,9
2113,371,114,75,11
363,371,364,16,11
923,372,924,93,4
3951,372,1952,21,13
637,372,638,56,7
456,372,457,77,13
875,373,876,78,2
3158,373,1159,71,5
419,373,420,46,8
2543,373,544,88,2
2438,374,439,58,8
1879,374,1880,40,8
2223,374,224,60,7
928,374,929,70,10
2883,375,884,46,6
595,375,596,86,8
1821,375,1822,32,3
1548,375,1549,98,10
999,376,1000,98,6
3404,376,1405,28,7
3552,376,1553,90,11
1518,376,1519,15,15
3194,377,1195,56,1
690,377,691,86,11
2184,377,185,14,1
1593,377,1594,18,13
2586,378,587,4,6
1522,378,1523,12,3
441,378,442,64,12
3411,378,1412,66,5
3566,379,1567,96,13
370,379,371,49,9
698,379,699,12,11
1088,379,1089,90,14
38,380,39,5,10
924,380,925,56,9
2787,380,788,17,1
131,380,132,56,9
1514,381,1515,2,13
3850,381,1851,9,13
2274,381,275,63,12
378,381,379,96,3
1503,382,1504,7,11
2590,382,591,62,14
112,382,113,4,11
859,382,860,47,2
3467,383,1468,97,5
82,383,83,92,14
3339,383,1340,5,11
644,383,645,27,10
1510,384,1511,28,15
3244,384,1245,24,3
3748,384,1749,8,5
603,384,604,77,9
1877,385,1878,32,8
2264,385,265,3,13
3776,385,1777,40,13
2566,385,567,54,15
2053,386,54,19,6
1315,386,1316,95,3
2890,386,891,47,6
628,386,629,21,10
3385,387,1386,31,9
1373,387,1374,22,12
891,387,892,19,3
1776,387,1777,91,7
2567,388,568,3,7
1709,388,1710,55,12
907,388,908,1,14
1445,388,1446,98,13
2548,389,549,34,6
1700,389,1701,25,13
720,389,721,62,8
2022,389,23,41,9
1378,390,1379,33,8
629,390,630,63,5
816,390,817,1,3
16,390,17,28,9
69,391,70,4,15
1731,391,1732,42,11
2563,391,564,100,9
1047,391,1048,89,2
3799,392,1800,49,3
3518,392,1519,64,10
2539,392,540,51,15
2638,392,639,13,3
1354,393,1355,67,12
585,393,586,17,6
3326,393,1327,61,10
780,393,781,48,1
381,394,382,3,8
1007,394,1008,33,6
2492,394,493,80,14
2370,394,371,59,15
1664,395,1665,70,1
3760,395,1761,84,3
3837,395,1838,48,12
3478,395,1479,19,9
990,396,991,9,10
486,396,487,61,12
2232,396,233,82,7
3985,396,1986,60,9
3165,397,1166,37,11
964,397,965,13,8
56,397,57,8,14
3439,397,1440,62,7
2302,398,303,5,2
536,398,537,25,8
2024,398,25,66,2
1862,398,1863,99,3
3761,399,1762,17,10
2505,399,506,46,13
2485,399,486,35,8
3138,399,1139,43,1
797,400,798,80,11
1797,400,1798,74,11
1214,400,1215,22,9
3412,400,1413,64,14
838,401,839,10,1
2349,401,350,75,9
1494,401,1495,85,6
3325,401,1326,7,5
867,402,868,17,6
3064,402,1065,16,3
3087,402,1088,31,12
2285,402,286,47,13
3238,403,1239,9,15
2384,403,385,14,7
2655,403,656,20,9
46,403,47,51,3
299,404,300,45,8
2531,404,532,19,9
3426,404,1427,51,1
1681,404,1682,82,8
3774,405,1775,15,3
2575,405,576,22,10
2100,405,101,54,11
1794,405,1795,26,12
2615,406,616,12,1
3766,406,1767,44,5
2750,406,751,51,13
15,406,16,51,2
3497,407,1498,60,15
189,407,190,60,3
897,407,898,99,7
1581,407,1582,29,11
3044,408,1045,41,4
2629,408,630,85,14
2458,408,459,60,4
2987,408,988,17,5
207,409,208,71,6
1966,409,1967,18,6
2002,409,3,35,10
2711,409,712,27,9
343,410,344,68,2
1521,410,1522,63,9
173,410,174,66,15
3557,410,1558,14,2
3531,411,1532,67,11
7,411,8,81,8
3498,411,1499,65,10
2064,411,65,41,2
147,412,148,43,7
3199,412,1200,43,5
1652,412,1653,79,12
2342,412,343,59,11
3468,413,1469,83,5
2764,413,765,13,2
1424,413,1425,68,15
2356,413,357,31,12
1832,414,1833,77,2
982,414,983,94,3
1045,414,1046,84,7
2038,414,39,49,6
2510,415,511,19,7
1659,415,1660,50,13
448,415,449,72,4
1692,415,1693,93,8
1031,416,1032,34,14
3048,416,1049,72,1
3155,416,1156,62,14
18,416,19,11,14
1854,417,1855,6,6
566,417,567,80,4
911,417,912,16,4
1822,417,1823,96,9
3026,418,1027,49,6
604,418,605,13,1
3081,418,1082,85,11
1081,418,1082,32,11
3103,419,1104,14,5
1345,419,1346,48,2
2856,419,857,35,8
666,419,667,84,8
3563,420,1564,95,14
1965,420,1966,40,2
2719,420,720,30,15
3355,420,1356,23,1
724,421,725,62,7
2842,421,843,21,1
3053,421,1054,84,5
3859,421,1860,89,14
122,422,123,90,9
3656,422,1657,16,2
1577,422,1578,74,14
3877,422,1878,38,4
3219,423,1220,52,6
1130,423,1131,100,8
2375,423,376,7,10
3315,423,1316,42,2
1790,424,1791,99,15
2040,424,41,93,12
2421,424,422,98,5
3008,424,1009,16,4
3596,425,1597,30,6
543,425,544,82,1
28,425,29,47,2
3851,425,1852,46,12
3074,426,1075,91,6
3149,426,1150,42,13
3944,426,1945,38,8
1072,426,1073,44,3
380,427,381,25,15
2833,427,834,74,10
211,427,212,92,7
2350,427,351,78,1
2647,428,648,47,15
279,428,280,65,14
3246,428,1247,71,2
3947,428,1948,73,3
3284,429,1285,43,13
384,429,385,24,6
3639,429,1640,46,13
1823,429,1824,59,13
3455,430,1456,17,11
3887,430,1888,5,11
2559,430,560,3,9
2481,430,482,8,1
2667,431,668,55,11
2879,431,880,84,5
1299,431,1300,42,12
84,431,85,17,4
3206,432,1207,21,9
2106,432,107,10,11
2189,432,190,52,6
274,432,275,83,5
758,433,759,28,9
3061,433,1062,90,13
2571,433,572,2,11
3905,433,1906,44,15
3190,434,1191,45,5
3725,434,1726,62,15
2965,434,966,36,12
2927,434,928,28,2
1002,435,1003,94,7
1148,435,1149,72,14
3145,435,1146,52,3
3909,435,1910,95,9
950,436,951,15,9
172,436,173,81,3
2665,436,666,48,6
2933,436,934,23,2
960,437,961,80,11
546,437,547,15,12
3527,437,1528,4,1
2203,437,204,27,10
3637,438,1638,30,12
1523,438,1524,28,12
847,438,848,54,4
1409,438,1410,89,9
3931,439,1932,1,13
2185,439,186,1,12
1555,439,1556,90,4
1842,439,1843,82,14
2884,440,885,31,1
1155,440,1156,38,5
2645,440,646,53,13
1082,440,1083,72,10
1804,441,1805,33,3
952,441,953,66,4
3967,441,1968,23,14
2876,441,877,93,10
3221,442,1222,35,14
3466,442,1467,60,6
1583,442,1584,92,10
3866,442,1867,69,1
3236,443,1237,72,9
209,443,210,35,4
2428,443,429,1,7
2527,443,528,62,11
2810,444,811,35,8
3013,444,1014,85,11
3139,444,1140,44,4
1609,444,1610,48,5
1106,445,1107,72,15
819,445,820,62,12
459,445,460,71,3
2205,445,206,55,4
2457,446,458,96,12
190,446,191,37,2
1115,446,1116,46,4
3453,446,1454,26,10
492,447,493,34,6
3305,447,1306,6,7
955,447,956,42,11
902,447,903,4,2
61,448,62,61,12
1963,448,1964,56,7
140,448,141,79,4
2815,448,816,92,10
2545,449,546,68,4
1232,449,1233,15,3
3127,449,1128,44,15
1245,449,1246,26,12
434,450,435,56,14
1876,450,1877,6,13
1690,450,1691,64,8
1280,450,1281,88,10
2909,451,910,98,3
3160,451,1161,41,15
812,451,813,36,7
1833,451,1834,49,8
3919,452,1920,99,6
1478,452,1479,72,12
1005,452,1006,37,3
3685,452,1686,100,13
893,453,894,41,6
1341,453,1342,77,13
1376,453,1377,8,11
2358,453,359,85,5
3124,454,1125,24,9
117,454,118,31,3
1198,454,1199,67,10
1385,454,1386,91,3
1338,455,1339,19,4
2996,455,997,52,13
2997,455,998,14,14
3981,455,1982,54,13
725,456,726,95,1
1390,456,1391,80,7
483,456,484,70,4
594,456,595,99,11
1961,457,1962,64,13
782,457,783,40,15
2440,457,441,47,5
3586,457,1587,87,10
761,458,762,26,15
3871,458,1872,18,13
3807,458,1808,83,15
3800,458,1801,71,10
869,459,870,14,6
1249,459,1250,67,3
3133,459,1134,57,1
3350,459,1351,17,12
2682,460,683,72,15
1414,460,1415,99,15
1441,460,1442,86,5
3804,460,1805,12,4
2913,461,914,25,14
2741,461,742,12,5
2397,461,398,99,13
1945,461,1946,17,5
2197,462,198,7,4
3378,462,1379,55,6
2584,462,585,83,11
695,462,696,74,3
1792,463,1793,71,14
1014,463,1015,93,4
608,463,609,69,6
3631,463,1632,38,13
1850,464,1851,51,6
1524,464,1525,98,9
476,464,477,41,14
3930,464,1931,89,10
3732,465,1733,90,1
3470,465,1471,1,9
1464,465,1465,80,10
1674,465,1675,63,13
1327,466,1328,22,4
1679,466,1680,96,3
3407,466,1408,11,1
3830,466,1831,18,15
48,467,49,55,1
1527,467,1528,100,6
313,467,314,4,1
3163,467,1164,34,15
3015,468,1016,14,8
2450,468,451,83,15
1302,468,1303,34,7
3282,468,1283,12,13
36,469,37,16,15
1765,469,1766,54,11
2653,469,654,40,14
3294,469,1295,39,13
3257,470,1258,88,14
105,470,106,75,1
3966,470,1967,8,7
2779,470,780,2,11
970,471,971,26,15
2706,471,707,100,5
3955,471,1956,100,5
509,471,510,97,4
1216,472,1217,45,3
2329,472,330,87,8
3956,472,1957,63,11
2561,472,562,83,12
361,473,362,76,9
2852,473,853,75,14
2083,473,84,33,13
462,473,463,67,6
1834,474,1835,84,3
2790,474,791,12,2
3959,474,1960,8,8
3230,474,1231,18,2
44,475,45,85,11
2187,475,188,46,3
1506,475,1507,3,2
3488,475,1489,55,7
3705,476,1706,94,11
1880,476,1881,90,5
1107,476,1108,69,8
1111,476,1112,81,2
187,477,188,20,11
3421,477,1422,87,4
2074,477,75,99,2
1479,477,1480,76,10
2186,478,187,22,10
3157,478,1158,90,11
3962,478,1963,66,2
355,478,356,83,1
233,479,234,28,13
3622,479,1623,35,4
1260,479,1261,25,9
2832,479,833,14,10
247,480,248,87,14
854,480,855,63,2
1517,480,1518,71,4
2049,480,50,53,7
2400,481,401,88,10
2273,481,274,18,14
686,481,687,6,8
3362,481,1363,45,9
2091,482,92,11,14
1006,482,1007,16,13
3109,482,1110,59,5
1039,482,1040,93,5
393,483,394,22,2
677,483,678,81,9
1640,483,1641,46,6
3975,483,1976,91,14
837,484,838,53,7
1279,484,1280,6,4
3823,484,1824,34,6
72,484,73,58,3
3746,485,1747,47,12
1588,485,1589,91,11
2218,485,219,100,5
180,485,181,20,4
2121,486,122,31,7
3057,486,1058,60,6
2699,486,700,68,7
3822,486,1823,8,12
2659,487,660,44,9
1188,487,1189,13,3
856,487,857,58,8
1028,487,1029,21,3
1808,488,1809,46,13
1343,488,1344,58,10
1959,488,1960,66,13
3781,488,1782,69,10
1220,489,1221,85,4
2112,489,113,28,4
2932,489,933,23,7
3716,489,1717,63,13
1420,490,1421,55,7
3119,490,1120,97,3
2766,490,767,3,1
3670,490,1671,62,9
3218,491,1219,54,2
2969,491,970,30,13
2829,491,830,89,2
91,491,92,11,5
289,492,290,20,6
802,492,803,69,2
634,492,635,3,15
2081,492,82,96,6
547,493,548,10,5
872,493,873,3,15
2942,493,943,94,3
1461,493,1462,99,13
1472,494,1473,69,13
730,494,731,6,12
554,494,555,52,2
908,494,909,33,9
1511,495,1512,38,5
2673,495,674,7,9
1462,495,1463,94,15
3369,495,1370,22,9
1195,496,1196,45,7
3755,496,1756,20,1
3010,496,1011,75,13
2504,496,505,4,4
2322,497,323,62,10
3337,497,1338,1,8
307,497,308,61,5
394,497,395,18,9
3279,498,1280,84,7
591,498,592,51,12
3978,498,1979,54,3
2822,498,823,31,9
3398,499,1399,30,10
3183,499,1184,22,6
2494,499,495,66,2
120,499,121,95,8
2419,500,420,40,9
2418,500,419,2,15
900,500,901,45,10
1012,500,1013,22,15
2732,501,733,36,2
3338,501,1339,29,10
3684,501,1685,34,3
3177,501,1178,18,11
1156,502,1157,35,15
222,502,223,85,10
198,502,199,69,3
9,502,10,18,11
2326,503,327,4,1
1899,503,1900,24,10
2265,503,266,29,5
3277,503,1278,13,8
1383,504,1384,39,3
227,504,228,92,10
3890,504,1891,17,11
2452,504,453,3,5
2917,505,918,22,4
2415,505,416,80,12
3343,505,1344,85,3
2994,505,995,35,3
2295,506,296,22,10
2207,506,208,88,6
2395,506,396,63,8
1812,506,1813,94,13
2582,507,583,1,7
2026,507,27,76,9
929,507,930,46,11
3938,507,1939,26,4
665,508,666,29,14
2922,508,923,30,3
3153,508,1154,39,13
3611,508,1612,95,15
150,509,151,21,2
3739,509,1740,74,12
3821,509,1822,70,1
101,509,102,88,4
2455,510,456,94,9
1557,510,1558,45,2
1983,510,1984,94,2
2550,510,551,92,6
1534,511,1535,98,1
3381,511,1382,74,11
1941,511,1942,30,15
2596,511,597,17,14
2580,512,581,61,10
2208,512,209,3,12
1537,512,1538,26,15
2087,512,88,71,5
1614,513,1615,94,9
3000,513,1001,10,15
1340,513,1341,86,8
833,513,834,21,9
3255,514,1256,98,8
587,514,588,96,7
3330,514,1331,80,7
389,514,390,49,5
1386,515,1387,19,12
3009,515,1010,5,9
3025,515,1026,96,11
2381,515,382,13,10
3559,516,1560,95,13
212,516,213,68,7
3394,516,1395,81,3
1687,516,1688,79,2
428,517,429,97,11
1777,517,1778,10,6
2260,517,261,5,9
1698,517,1699,78,5
2577,518,578,75,11
3590,518,1591,9,11
431,518,432,3,12
878,518,879,50,15
2461,519,462,56,10
2138,519,139,17,2
2836,519,837,90,6
643,519,644,70,6
1149,520,1150,20,7
3248,520,1249,97,9
1173,520,1174,40,11
3772,520,1773,65,7
1905,521,1906,41,9
630,521,631,93,11
1101,521,1102,81,3
337,521,338,42,10
2338,522,339,1,6
1076,522,1077,65,14
224,522,225,9,10
3745,522,1746,52,5
1160,523,1161,76,2
1371,523,1372,75,13
3046,523,1047,41,10
3204,523,1205,49,10
2316,524,317,59,1
2943,524,944,50,2
3333,524,1334,33,5
2252,524,253,4,12
179,525,180,61,13
3082,525,1083,10,10
2650,525,651,92,7
2839,525,840,29,15
2030,526,31,61,8
2102,526,103,29,5
3434,526,1435,32,7
790,526,791,48,13
2078,527,79,1,11
1986,527,1987,20,14
3028,527,1029,64,15
333,527,334,54,3
1358,528,1359,15,12
2581,528,582,78,6
560,528,561,15,11
348,528,349,88,11
706,529,707,92,7
1353,529,1354,44,3
3431,529,1432,47,5
3146,529,1147,14,3
1098,530,1099,100,12
2849,530,850,75,12
1036,530,1037,91,4
1229,530,1230,52,4
184,531,185,26,13
3122,531,1123,20,7
1172,531,1173,69,8
1934,531,1935,20,1
1167,532,1168,45,14
3340,532,1341,60,1
938,532,939,79,4
517,532,518,57,10
646,533,647,63,11
3599,533,1600,66,13
97,533,98,16,13
2170,533,171,27,7
1549,534,1550,75,10
1990,534,1991,6,3
3483,534,1484,99,7
3479,534,1480,19,4
2454,535,455,20,2
2093,535,94,24,2
1749,535,1750,77,6
766,535,767,7,12
3695,536,1696,73,1
1543,536,1544,53,3
3952,536,1953,89,8
605,536,606,9,6
583,537,584,53,15
1234,537,1235,16,13
3049,537,1050,30,12
3805,537,1806,57,9
2804,538,805,58,1
32,538,33,77,13
1483,538,1484,74,10
1906,538,1907,77,9
2299,539,300,69,6
2568,539,569,79,4
3875,539,1876,87,12
1275,539,1276,21,8
2124,540,125,28,8
3541,540,1542,49,12
3323,540,1324,87,11
302,540,303,92,12
3633,541,1634,32,9
3660,541,1661,5,8
3692,541,1693,81,8
2473,541,474,1,15
2380,542,381,21,6
1930,542,1931,48,15
45,542,46,55,8
826,542,827,16,8
1024,543,1025,7,14
661,543,662,47,6
1968,543,1969,10,5
3172,543,1173,28,1
2486,544,487,70,1
3751,544,1752,65,12
57,544,58,64,14
1211,544,1212,82,13
2306,545,307,49,3
3873,545,1874,74,1
3003,545,1004,23,11
1806,545,1807,32,7
1254,546,1255,90,15
889,546,890,80,10
2014,546,15,93,13
3707,546,1708,24,3
2503,547,504,48,11
2460,547,461,66,2
771,547,772,8,11
2786,547,787,8,9
1306,548,1307,52,6
1108,548,1109,47,11
2028,548,29,57,3
33,548,34,59,8
2600,549,601,63,13
41,549,42,92,1
2399,549,400,93,11
988,549,989,4,3
2729,550,730,18,6
1569,550,1570,54,12
858,550,859,93,14
2604,550,605,12,11
3128,551,1129,9,3
43,551,44,37,4
1120,551,1121,25,12
2800,551,801,72,1
3345,552,1346,59,13
1910,552,1911,45,4
1625,552,1626,76,6
3250,552,1251,58,13
309,553,310,3,10
823,553,824,18,7
616,553,617,69,3
1657,553,1658,15,7
2125,554,126,66,14
88,554,89,18,10
2821,554,822,19,15
1592,554,1593,2,11
848,555,849,100,6
442,555,443,81,13
651,555,652,6,13
1756,555,1757,3,14
3993,556,1994,52,8
3706,556,1707,34,9
3499,556,1500,8,6
3815,556,1816,1,6
642,557,643,91,7
2533,557,534,67,2
2516,557,517,31,11
741,557,742,42,5
3125,558,1126,98,15
2410,558,411,100,13
3368,558,1369,9,1
1728,558,1729,74,7
1238,559,1239,6,14
1401,559,1402,70,14
3334,559,1335,72,5
1735,559,1736,46,1
253,560,254,44,3
1580,560,1581,18,1
340,560,341,75,2
2156,560,157,74,15
466,561,467,52,8
1737,561,1738,37,4
1450,561,1451,20,2
2986,561,987,51,9
3872,562,1873,71,5
2639,562,640,24,15
3922,562,1923,84,4
3839,562,1840,52,3
3096,563,1097,92,14
2431,563,432,65,9
1446,563,1447,17,14
2149,563,150,91,11
687,564,688,100,14
942,564,943,30,2
3545,564,1546,81,2
2482,564,483,62,1
726,565,727,50,8
244,565,245,9,7
2391,565,392,81,14
3093,565,1094,33,12
226,566,227,75,9
3802,566,1803,8,3
2305,566,306,9,9
1770,566,1771,78,10
472,567,473,10,9
1321,567,1322,43,14
2555,567,556,49,9
70,567,71,8,6
3227,568,1228,31,7
2619,568,620,64,2
976,568,977,74,8
329,568,330,17,8
1157,569,1158,25,11
424,569,425,74,8
2578,569,579,53,13
3417,569,1418,12,10
1449,570,1450,45,1
1432,570,1433,76,15
3040,570,1041,21,10
328,570,329,22,8
3893,571,1894,84,15
660,571,661,95,5
700,571,701,68,3
130,571,131,84,2
3261,572,1262,8,7
1186,572,1187,45,13
3007,572,1008,67,10
2406,572,407,47,3
2068,573,69,95,9
2669,573,670,42,10
919,573,920,40,3
1491,573,1492,37,15
3209,574,1210,97,7
1152,574,1153,13,10
2903,574,904,86,6
1504,574,1505,39,9
1361,575,1362,27,10
1447,575,1448,34,7
1767,575,1768,77,3
1473,575,1474,9,8
1025,576,1026,24,13
494,576,495,39,8
1648,576,1649,75,2
1465,576,1466,85,14
319,577,320,88,9
2746,577,747,11,11
1057,577,1058,60,13
336,577,337,40,13
3713,578,1714,54,1
3030,578,1031,53,8
805,578,806,55,13
2694,578,695,28,5
3588,579,1589,80,3
3668,579,1669,52,2
3016,579,1017,26,5
3677,579,1678,46,11
1382,580,1383,90,3
1562,580,1563,92,15
3275,580,1276,21,15
2088,580,89,29,3
801,581,802,87,15
553,581,554,7,6
499,581,500,75,12
2592,581,593,72,5
3881,582,1882,10,14
1252,582,1253,33,2
3726,582,1727,39,1
951,582,952,47,13
296,583,297,47,11
931,583,932,46,15
123,583,124,7,3
530,583,531,50,2
1135,584,1136,81,12
1852,584,1853,40,14
3535,584,1536,84,7
2598,584,599,82,3
2562,585,563,58,6
2631,585,632,15,12
1331,585,1332,21,4
1118,585,1119,93,7
3286,586,1287,92,11
3870,586,1871,14,2
1772,586,1773,48,1
2445,586,446,68,7
2320,587,321,44,1
1649,587,1650,21,2
1253,587,1254,26,8
775,587,776,44,9
2851,588,852,11,11
1400,588,1401,98,6
2936,588,937,41,11
3038,588,1039,5,13
855,589,856,37,8
3680,589,1681,9,15
1586,589,1587,53,7
2721,589,722,42,7
2062,590,63,48,6
2522,590,523,8,6
3565,590,1566,50,3
196,590,197,2,8
3448,591,1449,69,12
3192,591,1193,18,13
277,591,278,92,8
3271,591,1272,61,9
1970,592,1971,37,11
2359,592,360,98,9
2491,592,492,47,7
3918,592,1919,35,9
2630,593,631,68,9
290,593,291,24,9
3734,593,1735,58,2
898,593,899,55,12
1032,594,1033,84,6
811,594,812,93,14
116,594,117,29,1
1619,594,1620,41,7
921,595,922,63,3
1097,595,1098,16,13
1558,595,1559,42,14
3580,595,1581,61,15
2601,596,602,73,13
3069,596,1070,42,15
2654,596,655,27,9
3860,596,1861,3,2
1938,597,1939,30,3
1865,597,1866,61,1
2300,597,301,100,14
2519,597,520,18,12
303,598,304,54,11
3071,598,1072,36,13
2789,598,790,55,15
3317,598,1318,95,12
3694,599,1695,42,4
2593,599,594,14,6
1999,599,2000,12,9
769,599,770,81,7
1202,600,1203,20,2
3422,600,1423,73,11
214,600,215,44,5
2570,600,571,9,4
3001,601,1002,12,10
3425,601,1426,60,10
3031,601,1032,43,10
282,601,283,90,13
1539,602,1540,9,3
1011,602,1012,78,13
3690,602,1691,73,4
2641,602,642,36,4
3114,603,1115,10,2
137,603,138,32,9
2931,603,932,75,1
3958,603,1959,11,5
118,604,119,23,3
3147,604,1148,67,1
228,604,229,36,4
2613,604,614,37,5
1917,605,1918,65,7
239,605,240,89,4
835,605,836,36,3
2867,605,868,43,8
3906,606,1907,27,10
497,606,498,81,9
148,606,149,65,8
1143,606,1144,92,14
1529,607,1530,54,8
2500,607,501,42,1
2923,607,924,7,7
347,607,348,86,8
574,608,575,96,9
3088,608,1089,59,3
815,608,816,17,1
2361,608,362,23,9
3203,609,1204,5,2
80,609,81,66,2
2122,609,123,97,13
3777,609,1778,33,6
3699,610,1700,84,5
3356,610,1357,30,13
735,610,736,54,8
645,610,646,23,15
1587,611,1588,27,14
3749,611,1750,80,8
1262,611,1263,34,15
2868,611,869,38,5
1132,612,1133,80,15
3023,612,1024,99,15
382,612,383,34,10
1717,612,1718,95,3
452,613,453,96,12
721,613,722,88,5
3490,613,1491,60,7
3502,613,1503,10,2
3140,614,1141,48,3
203,614,204,86,7
3551,614,1552,69,12
2134,614,135,66,11
320,615,321,49,15
2143,615,144,32,5
600,615,601,63,1
138,615,139,10,1
1883,616,1884,2,4
2039,616,40,61,11
3539,616,1540,98,14
2341,616,342,98,4
1736,617,1737,6,8
1250,617,1251,41,2
3353,617,1354,39,15
2989,617,990,91,14
2017,618,18,12,4
2975,618,976,24,15
176,618,177,60,6
2737,618,738,80,13
3661,619,1662,61,5
386,619,387,68,14
1613,619,1614,1,5
1582,619,1583,75,3
1545,620,1546,31,12
2606,620,607,79,3
2546,620,547,21,5
362,620,363,12,10
2096,621,97,7,13
1761,621,1762,40,3
3322,621,1323,2,1
1015,621,1016,81,7
2553,622,554,79,1
1150,622,1151,30,11
1355,622,1356,1,6
1740,622,1741,30,3
1285,623,1286,86,7
1228,623,1229,27,10
981,623,982,21,8
675,623,676,46,11
977,624,978,20,14
412,624,413,8,13
2289,624,290,42,6
1458,624,1459,12,6
648,625,649,9,12
1171,625,1172,28,10
1194,625,1195,51,9
3968,625,1969,35,15
2658,626,659,76,6
2845,626,846,36,13
3144,626,1145,42,5
524,626,525,83,3
3263,627,1264,94,5
3523,627,1524,95,12
1399,627,1400,10,15
2194,627,195,80,2
2004,628,5,27,6
905,628,906,19,14
164,628,165,70,8
3427,628,1428,100,10
2147,629,148,87,3
433,629,434,64,14
2291,629,292,91,3
2607,629,608,71,5
707,630,708,25,12
422,630,423,47,11
631,630,632,29,15
2043,630,44,43,11
3161,631,1162,2,6
705,631,706,26,12
879,631,880,77,14
528,631,529,2,7
2698,632,699,81,11
185,632,186,5,10
792,632,793,66,1
3547,632,1548,43,9
562,633,563,5,8
3179,633,1180,7,12
2344,633,345,88,4
2151,633,152,79,3
401,634,402,25,11
1636,634,1637,100,1
2352,634,353,28,4
1615,634,1616,96,12
3358,635,1359,53,12
3187,635,1188,39,10
30,635,31,42,13
3132,635,1133,56,6
3718,636,1719,86,14
2233,636,234,100,9
2934,636,935,88,15
1720,636,1721,62,2
3864,637,1865,53,4
390,637,391,81,12
1126,637,1127,9,10
58,637,59,20,9
763,638,764,17,13
2377,638,378,52,1
1644,638,1645,69,4
3595,638,1596,45,14
2827,639,828,76,10
430,639,431,93,4
2801,639,802,63,1
3214,639,1215,25,14
1525,640,1526,34,2
2642,640,643,57,9
2547,640,548,31,10
3671,640,1672,73,11
10,641,11,34,4
579,641,580,23,9
3575,641,1576,74,11
3311,641,1312,65,15
606,642,607,36,1
3272,642,1273,42,3
1187,642,1188,90,14
231,642,232,13,11
1455,643,1456,49,2
1676,643,1677,31,10
3752,643,1753,19,2
1820,643,1821,82,7
764,644,765,9,10
1475,644,1476,47,5
1753,644,1754,62,7
1335,644,1336,13,9
3592,645,1593,67,10
2825,645,826,60,12
3908,645,1909,32,2
1931,645,1932,33,15
2139,646,140,88,5
1864,646,1865,53,2
995,646,996,73,11
3054,646,1055,19,15
3928,647,1929,97,10
1062,647,1063,77,5
1063,647,1064,70,11
1177,647,1178,6,7
3538,648,1539,95,8
3408,648,1409,17,12
1487,648,1488,60,1
1666,648,1667,23,1
618,649,619,98,4
181,649,182,32,2
1552,649,1553,22,14
708,649,709,19,13
1347,650,1348,91,7
1818,650,1819,67,8
3067,650,1068,83,1
2214,650,215,33,11
2280,651,281,79,8
3454,651,1455,46,14
1730,651,1731,59,5
3542,651,1543,49,13
2371,652,372,51,10
654,652,655,74,14
1147,652,1148,1,10
1612,652,1613,33,3
3728,653,1729,74,9
1928,653,1929,72,4
3024,653,1025,84,15
1226,653,1227,32,2
3131,654,1132,65,10
1060,654,1061,98,8
2625,654,626,65,7
2297,654,298,71,6
863,655,864,79,1
3812,655,1813,13,10
3634,655,1635,36,13
3312,655,1313,86,15
2212,656,213,19,5
1264,656,1265,4,6
8,656,9,20,13
3935,656,1936,37,15
2271,657,272,85,15
1459,657,1460,49,10
2626,657,627,71,7
1266,657,1267,6,11
3233,658,1234,98,10
2169,658,170,85,14
968,658,969,87,6
3996,658,1997,65,13
2416,659,417,31,8
2670,659,671,72,14
108,659,109,15,1
3216,659,1217,6,2
956,660,957,14,8
3617,660,1618,33,15
1755,660,1756,34,8
759,660,760,20,11
2364,661,365,69,11
127,661,128,24,7
1694,661,1695,44,3
3100,661,1101,79,11
3852,662,1853,60,4
3950,662,1951,93,14
1632,662,1633,26,8
1684,662,1685,48,10
2674,663,675,11,6
786,663,787,34,12
3942,663,1943,8,15
2687,663,688,95,8
2816,664,817,55,7
3796,664,1797,98,2
3723,664,1724,70,5
2226,664,227,4,11
601,665,602,37,12
3135,665,1136,34,13
2135,665,136,14,13
1497,665,1498,45,1
3902,666,1903,38,10
489,666,490,61,5
3798,666,1799,39,3
3372,666,1373,27,10
2292,667,293,9,1
1641,667,1642,39,7
3477,667,1478,57,6
710,667,711,13,15
1019,668,1020,21,12
3213,668,1214,82,14
1448,668,1449,30,3
1611,668,1612,79,13
481,669,482,76,7
3189,669,1190,21,9
1131,669,1132,44,11
1663,669,1664,9,3
1159,670,1160,21,7
2691,670,692,82,12
2863,670,864,38,5
460,670,461,19,5
1415,671,1416,5,8
3982,671,1983,28,1
550,671,551,46,1
3267,671,1268,89,4
1339,672,1340,52,3
1973,672,1974,16,9
2981,672,982,55,3
413,672,414,46,7
1602,673,1603,69,6
353,673,354,58,8
1123,673,1124,28,9
1154,673,1155,17,13
374,674,375,82,8
949,674,950,53,13
2866,674,867,98,9
3106,674,1107,65,15
3295,675,1296,24,8
1337,675,1338,59,11
1853,675,1854,60,12
3780,675,1781,62,14
1748,676,1749,40,2
1048,676,1049,24,1
2459,676,460,25,11
2011,676,12,5,7
2716,677,717,69,6
2534,677,535,36,2
1140,677,1141,79,13
1499,677,1500,62,2
3335,678,1336,41,4
959,678,960,67,9
1443,678,1444,32,13
3164,678,1165,74,5
3789,679,1790,35,13
31,679,32,54,10
607,679,608,87,11
2818,679,819,5,2
2707,680,708,55,4
1677,680,1678,72,8
3469,680,1470,33,5
3858,680,1859,34,7
3899,681,1900,18,10
1050,681,1051,57,4
2974,681,975,6,1
2515,681,516,36,7
68,682,69,8,12
1803,682,1804,61,1
1814,682,1815,44,15
2420,682,421,50,3
3445,683,1446,63,3
3259,683,1260,15,10
3500,683,1501,53,10
2953,683,954,55,11
74,684,75,68,9
232,684,233,1,3
1989,684,1990,30,8
2426,684,427,26,8
3657,685,1658,2,9
2360,685,361,95,12
1368,685,1369,87,11
967,685,968,93,14
522,686,523,32,8
2536,686,537,1,7
3522,686,1523,47,1
2405,686,406,23,5
3904,687,1905,57,10
1927,687,1928,72,1
94,687,95,8,8
2773,687,774,7,2
684,688,685,45,10
379,688,380,43,11
2230,688,231,87,7
3234,688,1235,52,10
1096,689,1097,75,9
2032,689,33,98,13
3117,689,1118,49,11
3783,689,1784,16,14
3182,690,1183,76,8
3021,690,1022,100,8
1427,690,1428,10,2
1528,690,1529,55,13
1189,691,1190,4,8
3953,691,1954,3,7
450,691,451,60,8
2052,691,53,23,14
3496,692,1497,2,12
655,692,656,79,3
399,692,400,100,8
3120,692,1121,93,5
2955,693,956,24,8
870,693,871,92,4
265,693,266,10,13
2712,693,713,82,12
2888,694,889,92,6
1603,694,1604,82,7
3444,694,1445,76,5
697,694,698,61,14
1998,695,1999,83,12
2763,695,764,44,13
2336,695,337,79,11
1901,695,1902,63,8
3546,696,1547,80,7
2695,696,696,12,7
781,696,782,62,9
3672,696,1673,88,5
1074,697,1075,53,9
703,697,704,4,6
1016,697,1017,35,12
542,697,543,45,3
3076,698,1077,54,2
2853,698,854,74,4
2878,698,879,14,8
119,698,120,29,5
1027,699,1028,41,4
1004,699,1005,51,15
791,699,792,87,5
762,699,763,74,14
523,700,524,70,11
978,700,979,38,12
3374,700,1375,14,3
2767,700,768,3,14
311,701,312,58,12
521,701,522,83,3
1795,701,1796,100,11
505,701,506,55,9
2817,702,818,33,5
689,702,690,55,6
2715,702,716,42,3
1987,702,1988,16,14
292,703,293,61,1
2365,703,366,16,11
2267,703,268,64,9
21,703,22,31,4
3555,704,1556,64,7
490,704,491,16,9
2886,704,887,8,15
2662,704,663,41,7
2857,705,858,26,14
2456,705,457,76,14
2009,705,10,58,7
439,705,440,30,7
511,706,512,17,3
2263,706,264,72,14
3383,706,1384,45,5
1133,706,1134,19,11
1402,707,1403,93,12
1606,707,1607,94,2
318,707,319,71,12
1357,707,1358,44,9
1925,708,1926,48,11
1191,708,1192,96,14
2961,708,962,39,14
1920,708,1921,62,3
1334,709,1335,30,1
2303,709,304,70,9
284,709,285,54,6
3653,709,1654,44,6
3989,710,1990,87,4
3556,710,1557,64,11
2005,710,6,2,13
65,710,66,39,8
301,711,302,31,1
3693,711,1694,86,7
2318,711,319,52,13
484,711,485,34,11
1244,712,1245,74,13
1637,712,1638,81,15
767,712,768,92,12
3516,712,1517,46,13
918,713,919,82,7
331,713,332,23,4
3265,713,1266,81,13
1542,713,1543,89,14
2448,714,449,41,12
3111,714,1112,8,5
571,714,572,15,5
914,714,915,97,15
13,715,14,75,8
2765,715,766,66,5
2224,715,225,6,6
3844,715,1845,94,8
1745,716,1746,86,13
2726,716,727,7,13
2037,716,38,11,13
3078,716,1079,16,1
773,717,774,26,2
366,717,367,35,4
3786,717,1787,90,11
3986,717,1987,64,6
824,718,825,92,14
1365,718,1366,45,1
3283,718,1284,8,15
3027,718,1028,71,6
1469,719,1470,32,12
2862,719,863,54,2
2938,719,939,42,1
1165,719,1166,16,11
1470,720,1471,63,11
3433,720,1434,39,13
338,720,339,40,12
3043,720,1044,53,9
437,721,438,2,11
3503,721,1504,69,15
917,721,918,14,5
2889,721,890,85,2
3733,722,1734,45,4
1124,722,1125,48,10
1976,722,1977,40,8
3487,722,1488,79,12
308,723,309,68,5
3659,723,1660,76,7
63,723,64,57,2
2926,723,927,58,4
3063,724,1064,29,2
3845,724,1846,6,3
2861,724,862,81,2
1078,724,1079,75,4
178,725,179,31,11
853,725,854,99,11
2683,725,684,10,15
3464,725,1465,11,9
1848,726,1849,62,5
3879,726,1880,18,15
2321,726,322,51,9
3237,726,1238,42,10
3711,727,1712,90,4
2906,727,907,17,11
1828,727,1829,49,3
391,727,392,41,12
2206,728,207,66,13
163,728,164,69,12
1536,728,1537,21,5
136,728,137,20,3
3006,729,1007,51,14
1893,729,1894,9,8
3059,729,1060,7,3
2441,729,442,95,4
1282,730,1283,28,12
3388,730,1389,51,3
3341,730,1342,22,3
285,730,286,15,9
2795,731,796,12,10
2075,731,76,91,9
3298,731,1299,3,8
2020,731,21,18,2
3476,732,1477,96,15
3292,732,1293,27,12
2025,732,26,10,6
291,732,292,43,1
1859,733,1860,29,10
2288,733,289,42,11
2802,733,803,4,14
3889,733,1890,74,5
1610,734,1611,100,6
1018,734,1019,57,14
1725,734,1726,26,5
2355,734,356,34,5
3855,735,1856,34,1
2276,735,277,39,7
1246,735,1247,63,4
1992,735,1993,61,3
2157,736,158,18,14
2538,736,539,54,15
1962,736,1963,56,2
749,736,750,53,9
3854,737,1855,28,12
3495,737,1496,81,7
29,737,30,63,1
1566,737,1567,51,1
1502,738,1503,77,14
2246,738,247,18,15
66,738,67,90,7
1809,738,1810,13,12
3510,739,1511,86,15
2999,739,1000,42,9
3304,739,1305,21,13
1544,739,1545,72,6
743,740,744,66,12
757,740,758,42,9
183,740,184,30,8
3440,740,1441,100,6
39,741,40,77,15
1364,741,1365,80,6
1981,741,1982,22,3
3465,741,1466,62,13
2334,742,335,49,13
2676,742,677,67,14
398,742,399,25,10
789,742,790,33,8
2309,743,310,56,10
2379,743,380,5,5
3618,743,1619,71,8
1044,743,1045,13,3
3450,744,1451,16,8
3314,744,1315,76,9
1406,744,1407,58,11
2393,744,394,8,10
1811,745,1812,80,9
2394,745,395,85,14
1485,745,1486,86,1
2346,745,347,97,4
52,746,53,23,1
2354,746,355,59,14
3399,746,1400,25,15
2234,746,235,77,1
1034,747,1035,28,4
971,747,972,15,13
2549,747,550,13,14
2136,747,137,32,6
531,748,532,2,5
662,748,663,23,5
3601,748,1602,28,5
593,748,594,57,9
2783,749,784,11,8
2034,749,35,92,3
1359,749,1360,15,15
1298,749,1299,60,13
1773,750,1774,63,10
1567,750,1568,30,15
2929,750,930,72,8
1394,750,1395,53,13
3594,751,1595,14,12
255,751,256,90,2
3606,751,1607,36,9
2464,751,465,11,9
1686,752,1687,13,9
3969,752,1970,15,5
1578,752,1579,13,10
1,752,2,39,2
3357,753,1358,61,3
236,753,237,77,4
3300,753,1301,51,4
3593,753,1594,11,11
2831,754,832,1,9
3226,754,1227,49,15
1333,754,1334,61,12
3619,754,1620,50,6
351,755,352,36,8
146,755,147,10,8
3892,755,1893,82,7
1356,755,1357,46,7
1372,756,1373,62,9
2652,756,653,42,15
3451,756,1452,64,5
821,756,822,14,13
197,757,198,82,13
1105,757,1106,69,12
1411,757,1412,61,15
1707,757,1708,12,15
1467,758,1468,21,4
6,758,7,66,5
1620,758,1621,16,6
217,758,218,25,11
3051,759,1052,79,8
1673,759,1674,88,12
3810,759,1811,78,1
1705,759,1706,96,7
2409,760,410,23,12
3171,760,1172,51,6
2728,760,729,81,9
3231,760,1232,69,11
2509,761,510,49,9
87,761,88,57,2
2427,761,428,53,5
2388,761,389,89,13
2651,762,652,84,10
407,762,408,23,11
2677,762,678,96,9
2248,762,249,60,4
3515,763,1516,18,7
3836,763,1837,54,6
2947,763,948,98,6
1117,763,1118,26,5
3389,764,1390,37,12
2465,764,466,25,13
1169,764,1170,97,2
3336,764,1337,89,9
110,765,111,79,1
210,765,211,38,10
3888,765,1889,13,1
3710,765,1711,65,5
1519,766,1520,73,10
589,766,590,26,10
728,766,729,73,2
96,766,97,36,10
3758,767,1759,68,15
3458,767,1459,90,4
1984,767,1985,65,9
2105,767,106,64,3
3901,768,1902,29,10
807,768,808,10,8
526,768,527,70,6
598,768,599,80,9
2363,769,364,64,1
2257,769,258,56,10
2294,769,295,2,10
3709,769,1710,81,13
846,770,847,54,1
1805,770,1806,98,8
2869,770,870,56,1
2333,770,334,76,15
221,771,222,15,1
3916,771,1917,53,2
3979,771,1980,20,13
216,771,217,97,8
1556,772,1557,68,11
2165,772,166,89,15
733,772,734,36,4
795,772,796,25,6
3348,773,1349,25,6
718,773,719,71,3
3101,773,1102,15,2
1125,773,1126,54,9
276,774,277,58,7
1929,774,1930,82,5
1061,774,1062,45,14
2757,774,758,86,10
314,775,315,71,11
283,775,284,85,7
2148,775,149,56,5
2120,775,121,99,15
3998,776,1999,67,6
1273,776,1274,36,9
516,776,517,34,9
3797,776,1798,38,14
2881,777,882,2,1
2097,777,98,95,6
3912,777,1913,61,8
3137,777,1138,56,13
1743,778,1744,71,13
1310,778,1311,65,8
143,778,144,99,4
1626,778,1627,79,1
3828,779,1829,54,4
709,779,710,6,7
2930,779,931,16,4
1863,779,1864,15,7
267,780,268,76,9
582,780,583,2,11
3658,780,1659,75,7
668,780,669,86,11
1395,781,1396,60,3
1798,781,1799,25,12
1296,781,1297,62,3
2916,781,917,25,14
2278,782,279,15,4
3621,782,1622,6,10
1896,782,1897,70,6
3210,782,1211,80,13
1553,783,1554,26,4
356,783,357,64,14
2301,783,302,61,12
969,783,970,88,13
3055,784,1056,20,3
552,784,553,74,4
3396,784,1397,74,14
576,784,577,89,3
3988,785,1989,39,15
3077,785,1078,78,10
2738,785,739,66,13
2166,785,167,42,6
417,786,418,6,8
3324,786,1325,28,2
520,786,521,79,5
1468,786,1469,23,1
1010,787,1011,75,7
3309,787,1310,68,3
2799,787,800,87,8
429,787,430,53,2
1309,788,1310,35,12
325,788,326,43,5
934,788,935,88,10
145,788,146,36,6
2521,789,522,3,8
1712,789,1713,48,7
1009,789,1010,26,11
2776,789,777,52,1
242,790,243,26,8
1515,790,1516,22,1
2809,790,810,72,13
3811,790,1812,52,6
2231,791,232,98,13
1655,791,1656,100,9
746,791,747,97,7
1775,791,1776,95,10
2117,792,118,46,11
2690,792,691,35,7
1680,792,1681,88,14
3443,792,1444,19,4
2747,793,748,58,13
1520,793,1521,61,7
2398,793,399,24,11
3060,793,1061,93,9
1162,794,1163,95,1
1724,794,1725,42,1
1367,794,1368,94,9
1351,794,1352,100,3
2324,795,325,67,10
1122,795,1123,17,8
3364,795,1365,44,6
373,795,374,66,12
321,796,322,68,12
615,796,616,94,8
2387,796,388,42,5
1223,796,1224,43,5
1384,797,1385,42,5
2001,797,2,72,4
3438,797,1439,8,12
617,797,618,13,3
1622,798,1623,19,6
794,798,795,83,4
1146,798,1147,19,12
2293,798,294,80,9
2010,799,11,72,2
1307,799,1308,22,2
2972,799,973,1,12
3863,799,1864,12,7
1538,800,1539,99,7
2114,800,115,77,14
3793,800,1794,25,2
1204,800,1205,5,8
1547,801,1548,27,9
2343,801,344,53,2
503,801,504,65,2
2859,801,860,66,3
3980,802,1981,57,3
1430,802,1431,54,9
2335,802,336,50,14
3616,802,1617,20,2
1417,803,1418,19,1
532,803,533,96,1
1403,803,1404,38,15
1058,803,1059,81,6
2678,804,679,25,4
3432,804,1433,79,15
926,804,927,50,6
561,804,562,65,2
1352,805,1353,38,10
2611,805,612,45,4
2312,805,313,9,3
1595,805,1596,18,7
3169,806,1170,66,13
2666,806,667,43,6
1215,806,1216,64,15
3720,806,1721,34,7
3252,807,1253,85,5
1067,807,1068,64,5
1940,807,1941,19,10
1137,807,1138,74,1
3615,808,1616,64,9
768,808,769,75,10
2298,808,299,61,5
760,808,761,38,5
3754,809,1755,90,15
1256,809,1257,31,4
664,809,665,30,9
3526,809,1527,75,15
495,810,496,54,3
3598,810,1599,40,15
868,810,869,45,2
92,810,93,71,8
3816,811,1817,51,10
3472,811,1473,38,3
1993,811,1994,67,9
2219,811,220,30,13
2447,812,448,77,4
3360,812,1361,37,7
1346,812,1347,49,15
60,812,61,70,14
344,813,345,59,2
575,813,576,5,10
3686,813,1687,26,3
803,813,804,14,2
770,814,771,85,2
2811,814,812,10,13
1023,814,1024,58,4
1861,814,1862,56,12
2814,815,815,76,5
3480,815,1481,3,11
633,815,634,22,11
2808,815,809,8,5
2290,816,291,10,2
2633,816,634,82,2
1265,816,1266,78,12
1110,816,1111,55,6
2644,817,645,12,6
1875,817,1876,21,1
2241,817,242,11,7
958,817,959,8,15
1200,818,1201,100,1
2424,818,425,20,13
2281,818,282,93,10
2021,818,22,6,1
2968,819,969,97,1
298,819,299,97,8
750,819,751,30,11
3387,819,1388,37,3
1912,820,1913,55,3
3862,820,1863,55,10
2268,820,269,62,1
3313,820,1314,48,5
1003,821,1004,73,3
420,821,421,71,3
1988,821,1989,83,11
2177,821,178,74,11
670,822,671,74,12
712,822,713,53,13
2221,822,222,95,8
1392,822,1393,3,1
3532,823,1533,72,1
3254,823,1255,28,8
3240,823,1241,3,11
1954,823,1955,95,10
2671,824,672,93,7
822,824,823,2,7
693,824,694,97,3
2569,824,570,22,11
3697,825,1698,49,15
588,825,589,96,11
2864,825,865,3,15
162,825,163,26,8
345,826,346,94,8
2834,826,835,43,15
895,826,896,65,2
2041,826,42,20,4
2526,827,527,70,10
739,827,740,74,15
3066,827,1067,20,11
1419,827,1420,90,6
3785,828,1786,46,13
3655,828,1656,72,5
42,828,43,23,13
2758,828,759,10,13
3262,829,1263,36,11
2215,829,216,59,9
935,829,936,39,9
3583,829,1584,90,1
507,830,508,29,3
1550,830,1551,71,8
2220,830,221,91,15
1628,830,1629,78,13
365,831,366,7,14
1276,831,1277,62,9
2951,831,952,87,3
1201,831,1202,8,7
1734,832,1735,24,7
2196,832,197,6,12
376,832,377,63,5
1835,832,1836,98,2
332,833,333,44,1
1317,833,1318,68,12
3329,833,1330,65,4
752,833,753,91,4
623,834,624,76,9
568,834,569,16,10
3405,834,1406,5,13
473,834,474,31,14
223,835,224,50,8
1444,835,1445,75,14
2887,835,888,94,2
844,835,845,14,4
667,836,668,5,3
3420,836,1421,21,12
2146,836,147,29,14
3818,836,1819,52,12
3848,837,1849,5,14
2304,837,305,94,9
2150,837,151,41,6
1774,837,1775,56,7
903,838,904,24,12
310,838,311,43,4
2016,838,17,74,12
3419,838,1420,80,2
1426,839,1427,79,14
2213,839,214,100,11
322,839,323,12,7
334,839,335,59,15
1054,840,1055,4,15
1840,840,1841,32,14
2412,840,413,77,10
3346,840,1347,89,6
1532,841,1533,20,5
2069,841,70,3,13
2275,841,276,21,10
876,841,877,25,12
1507,842,1508,46,12
742,842,743,53,10
3086,842,1087,98,5
79,842,80,14,15
1255,843,1256,75,14
3937,843,1938,21,8
1869,843,1870,89,1
358,843,359,85,9
787,844,788,84,5
3679,844,1680,47,15
157,844,158,25,10
2958,844,959,24,14
2542,845,543,77,7
2396,845,397,36,8
3764,845,1765,25,8
1671,845,1672,59,1
3035,846,1036,22,8
1454,846,1455,61,3
1855,846,1856,23,3
2422,846,423,87,7
27,847,28,86,3
241,847,242,42,15
1440,847,1441,58,1
482,847,483,1,8
2634,848,635,7,3
1030,848,1031,41,1
3640,848,1641,6,14
2373,848,374,4,15
1277,849,1278,44,10
3794,849,1795,71,7
3269,849,1270,16,15
1571,849,1572,87,15
2714,850,715,75,10
269,850,270,76,7
3763,850,1764,34,4
2675,850,676,71,5
1477,851,1478,36,15
1956,851,1957,10,6
1670,851,1671,93,1
2369,851,370,15,10
51,852,52,92,10
2573,852,574,76,8
3384,852,1385,72,15
1231,852,1232,43,8
436,853,437,24,1
679,853,680,78,4
3876,853,1877,7,8
1661,853,1662,22,8
2077,854,78,75,13
1830,854,1831,32,15
3607,854,1608,14,3
3201,854,1202,5,13
3079,855,1080,54,2
696,855,697,61,15
3354,855,1355,12,11
3363,855,1364,93,3
1225,856,1226,5,10
2164,856,165,89,10
3446,856,1447,75,6
1857,856,1858,79,9
2239,857,240,45,5
3299,857,1300,18,5
2484,857,485,92,15
102,857,103,59,8
1991,858,1992,91,3
609,858,610,28,7
2311,858,312,73,7
3719,858,1720,84,1
1410,859,1411,56,11
3936,859,1937,79,2
1052,859,1053,68,6
2310,859,311,53,11
3506,860,1507,78,13
731,860,732,80,6
1653,860,1654,3,6
2520,860,521,72,11
3005,861,1006,93,9
1784,861,1785,9,14
1870,861,1871,23,12
2446,861,447,17,15
128,862,129,87,6
1199,862,1200,5,5
3973,862,1974,44,1
323,862,324,26,2
882,863,883,63,9
2092,863,93,20,6
1978,863,1979,20,9
2330,863,331,6,12
1512,864,1513,11,2
3511,864,1512,33,15
1141,864,1142,81,10
3268,864,1269,24,11
1463,865,1464,79,12
1369,865,1370,12,1
1816,865,1817,36,1
2902,865,903,71,7
3775,866,1776,92,8
3605,866,1606,98,5
2957,866,958,63,5
3827,866,1828,89,12
3186,867,1187,69,10
1053,867,1054,69,9
1000,867,1001,77,11
2826,867,827,64,7
2688,868,689,59,2
2070,868,71,97,11
3768,868,1769,99,6
1439,868,1440,50,15
1949,869,1950,48,4
2331,869,332,49,5
171,869,172,64,7
3620,869,1621,99,10
3820,870,1821,31,8
2812,870,813,82,7
3589,870,1590,54,11
1330,870,1331,85,3
1714,871,1715,19,12
2919,871,920,34,11
3176,871,1177,20,4
3070,871,1071,68,2
2860,872,861,63,2
1091,872,1092,29,3
2798,872,799,77,8
2745,872,746,66,10
256,873,257,18,11
2286,873,287,53,14
963,873,964,40,8
252,873,253,5,12
2995,874,996,42,5
1782,874,1783,83,14
2158,874,159,100,10
2891,874,892,28,4
359,875,360,58,12
901,875,902,49,2
2813,875,814,17,9
2686,875,687,55,6
680,876,681,52,11
1493,876,1494,36,15
2084,876,85,54,10
916,876,917,1,12
34,877,35,61,4
1847,877,1848,39,15
3222,877,1223,100,14
1633,877,1634,25,5
1721,878,1722,14,5
2507,878,508,48,11
1318,878,1319,49,6
471,878,472,93,11
388,879,389,54,12
3945,879,1946,51,14
2110,879,111,55,7
3019,879,1020,3,9
111,880,112,35,7
1678,880,1679,97,3
3669,880,1670,94,3
2656,880,657,27,15
2210,881,211,5,5
2848,881,849,6,8
2453,881,454,6,9
932,881,933,42,12
1001,882,1002,35,8
510,882,511,34,11
1041,882,1042,100,15
3303,882,1304,62,11
1398,883,1399,5,2
19,883,20,78,10
965,883,966,91,1
3689,883,1690,97,5
3373,884,1374,100,10
3092,884,1093,89,7
1624,884,1625,79,12
1151,884,1152,70,2
577,885,578,10,9
1129,885,1130,88,6
3894,885,1895,28,13
2865,885,866,84,4
2269,886,270,2,13
3835,886,1836,48,1
953,886,954,94,12
3130,886,1131,1,4
2237,887,238,67,7
1933,887,1934,40,12
202,887,203,33,10
1982,887,1983,58,9
3307,888,1308,19,7
3379,888,1380,75,11
3623,888,1624,55,3
3121,888,1122,96,6
1874,889,1875,80,11
502,889,503,42,10
866,889,867,32,7
259,889,260,92,2
776,890,777,66,1
2423,890,424,15,8
3485,890,1486,92,3
751,890,752,92,14
3152,891,1153,12,8
3533,891,1534,84,13
3166,891,1167,80,1
2904,891,905,87,1
1267,892,1268,20,2
139,892,140,32,11
3489,892,1490,87,9
3700,892,1701,2,2
581,893,582,75,14
2710,893,711,11,8
414,893,415,90,7
973,893,974,47,6
2141,894,142,100,14
1295,894,1296,74,12
3995,894,1996,50,12
1726,894,1727,5,9
3401,895,1402,100,6
2347,895,348,99,6
2551,895,552,20,6
537,895,538,49,11
2988,896,989,91,15
3636,896,1637,77,10
3247,896,1248,5,14
3223,896,1224,84,2
2348,897,349,71,6
3857,897,1858,54,4
1059,897,1060,44,2
3415,897,1416,79,5
493,898,494,67,13
663,898,664,45,2
3808,898,1809,23,9
3232,898,1233,36,15
2089,899,90,43,7
755,899,756,26,8
3395,899,1396,16,10
454,899,455,84,5
626,900,627,59,15
305,900,306,2,15
2565,900,566,98,9
1600,900,1601,59,9
1985,901,1986,55,14
3156,901,1157,74,2
2161,901,162,23,6
1866,901,1867,74,4
2308,902,309,58,1
1668,902,1669,6,3
3701,902,1702,65,15
1138,902,1139,64,6
2971,903,972,30,7
652,903,653,53,4
640,903,641,73,11
248,903,249,82,7
1551,904,1552,61,3
611,904,612,85,6
1035,904,1036,91,6
2439,904,440,84,1
2775,905,776,85,7
1718,905,1719,56,8
3484,905,1485,5,15
2921,905,922,78,7
2877,906,878,7,7
2085,906,86,16,7
316,906,317,2,7
3316,906,1317,72,8
3691,907,1692,78,10
1779,907,1780,81,6
3753,907,1754,49,12
200,907,201,92,6
894,908,895,9,5
49,908,50,51,14
2574,908,575,41,11
330,908,331,56,3
3349,909,1350,33,11
1423,909,1424,96,6
165,909,166,12,11
2432,909,433,12,15
3198,910,1199,44,7
1701,910,1702,14,15
1937,910,1938,73,1
3,910,4,6,13
2920,911,921,73,10
295,911,296,10,4
3276,911,1277,19,6
2784,911,785,57,4
341,912,342,44,12
1008,912,1009,85,4
1328,912,1329,2,3
3413,912,1414,20,15
845,913,846,90,14
1079,913,1080,28,8
3102,913,1103,32,1
2873,913,874,53,5
2178,914,179,85,11
126,914,127,4,14
2591,914,592,2,9
1589,914,1590,18,4
133,915,134,84,12
3285,915,1286,56,14
1766,915,1767,96,5
2045,915,46,79,1
3097,916,1098,21,14
2195,916,196,65,1
3085,916,1086,6,8
1037,916,1038,99,5
1871,917,1872,16,4
1851,917,1852,2,6
2173,917,174,50,4
2499,917,500,79,4
2035,918,36,51,15
3264,918,1265,49,3
1682,918,1683,84,15
3921,918,1922,4,15
3704,919,1705,100,1
2258,919,259,31,12
653,919,654,31,5
2076,919,77,29,6
884,920,885,4,7
2949,920,950,36,13
1995,920,1996,36,3
659,920,660,32,8
3784,921,1785,71,10
317,921,318,74,3
182,921,183,66,6
1719,921,1720,97,15
1762,922,1763,79,12
1844,922,1845,69,14
986,922,987,38,4
286,922,287,9,6
2689,923,690,8,14
3195,923,1196,31,9
425,923,426,54,6
2762,923,763,59,5
3014,924,1015,75,1
350,924,351,77,12
3143,924,1144,57,7
3359,924,1360,24,11
432,925,433,62,1
421,925,422,90,14
2761,925,762,9,1
2843,925,844,20,15
3664,926,1665,80,9
3703,926,1704,48,13
3838,926,1839,13,14
2937,926,938,87,10
71,927,72,6,9
3266,927,1267,16,11
35,927,36,24,8
81,927,82,84,6
1860,928,1861,32,7
1760,928,1761,77,11
1742,928,1743,34,2
3608,928,1609,69,11
818,929,819,73,1
613,929,614,36,10
1068,929,1069,24,7
1662,929,1663,50,6
1197,930,1198,13,2
2468,930,469,70,3
890,930,891,1,1
1572,930,1573,77,7
3771,931,1772,17,7
3022,931,1023,33,3
2736,931,737,33,5
3449,931,1450,38,3
121,932,122,76,14
1691,932,1692,45,3
3977,932,1978,37,10
2585,932,586,56,3
1639,933,1640,3,12
3281,933,1282,33,14
1843,933,1844,74,12
397,933,398,9,9
2142,934,143,82,2
3184,934,1185,96,8
2153,934,154,5,12
3641,934,1642,51,14
342,935,343,97,3
229,935,230,12,2
3742,935,1743,32,6
2488,935,489,45,13
312,936,313,3,1
1311,936,1312,79,5
2404,936,405,73,1
1950,936,1951,81,4
3042,937,1043,74,11
2471,937,472,77,11
745,937,746,38,2
1484,937,1485,58,9
2192,938,193,4,4
1109,938,1110,65,1
2774,938,775,36,3
113,938,114,16,11
3211,939,1212,31,2
1831,939,1832,97,12
3574,939,1575,84,12
3602,939,1603,58,9
586,940,587,43,13
3715,940,1716,14,6
3933,940,1934,97,3
1325,940,1326,49,4
1274,941,1275,57,15
2979,941,980,80,5
3884,941,1885,78,15
939,941,940,96,13
529,942,530,36,2
3747,942,1748,42,11
2351,942,352,97,9
1599,942,1600,33,9
2489,943,490,40,1
3992,943,1993,81,4
2892,943,893,74,2
479,943,480,46,4
1533,944,1534,56,4
1892,944,1893,20,7
141,944,142,5,7
525,944,526,73,9
2733,945,734,38,12
2493,945,494,77,6
1077,945,1078,94,11
2660,945,661,25,2
78,946,79,68,12
2535,946,536,32,5
2490,946,491,18,7
474,946,475,30,15
470,947,471,13,12
3134,947,1135,3,3
1605,947,1606,59,1
194,947,195,63,14
992,948,993,11,8
2576,948,577,71,12
3159,948,1160,94,11
1902,948,1903,41,7
3441,949,1442,66,7
1858,949,1859,39,7
2472,949,473,7,6
740,949,741,19,11
777,950,778,100,13
1585,950,1586,78,5
1771,950,1772,94,11
1531,950,1532,58,10
1387,951,1388,16,14
2960,951,961,13,5
2251,951,252,74,11
2217,951,218,95,6
1490,952,1491,18,14
1293,952,1294,12,12
948,952,949,54,5
1103,952,1104,73,12
3196,953,1197,68,9
912,953,913,81,3
3344,953,1345,23,11
945,953,946,100,3
1768,954,1769,98,5
1530,954,1531,53,15
2882,954,883,25,10
2525,954,526,65,8
2023,955,24,46,14
3033,955,1034,71,8
1051,955,1052,94,13
3462,955,1463,3,6
2174,956,175,69,12
3625,956,1626,56,3
2209,956,210,55,4
1791,956,1792,22,14
2529,957,530,65,11
354,957,355,17,7
208,957,209,91,7
3406,957,1407,69,4
3614,958,1615,53,4
3463,958,1464,48,13
765,958,766,61,15
1819,958,1820,18,10
446,959,447,2,1
2623,959,624,77,4
1114,959,1115,44,2
584,959,585,61,5
3999,960,2000,86,4
293,960,294,100,3
909,960,910,57,9
3629,960,1630,33,13
1396,961,1397,19,1
2073,961,74,53,2
925,961,926,30,5
2514,961,515,80,10
514,962,515,28,15
2753,962,754,37,1
1856,962,1857,91,8
729,962,730,73,5
2436,963,437,45,10
23,963,24,89,5
1393,963,1394,12,9
3867,963,1868,25,9
3037,964,1038,46,3
2389,964,390,72,12
772,964,773,27,12
3759,964,1760,38,4
1825,965,1826,25,12
1474,965,1475,100,2
2437,965,438,82,2
3115,965,1116,86,3
723,966,724,70,15
3367,966,1368,47,10
727,966,728,100,10
409,966,410,57,1
3972,967,1973,96,1
865,967,866,13,2
569,967,570,21,8
1456,967,1457,3,2
1071,968,1072,75,6
3963,968,1964,1,15
3011,968,1012,47,3
1540,968,1541,74,9
619,969,620,25,6
2791,969,792,25,5
2854,969,855,91,9
3913,969,1914,16,8
3167,970,1168,9,13
1389,970,1390,79,7
2287,970,288,48,6
627,970,628,8,13
3123,971,1124,47,4
2908,971,909,1,11
2054,971,55,11,9
714,971,715,78,4
2145,972,146,1,8
3806,972,1807,100,7
1239,972,1240,75,13
281,972,282,71,11
1224,973,1225,98,2
89,973,90,84,13
1873,973,1874,71,13
2911,973,912,64,3
2107,974,108,25,7
3868,974,1869,41,12
1121,974,1122,68,8
3954,974,1955,97,8
888,975,889,70,1
1241,975,1242,5,12
3382,975,1383,64,8
3915,975,1916,68,7
3896,976,1897,42,9
3452,976,1453,10,15
1304,976,1305,82,4
886,976,887,40,4
2820,977,821,69,12
1908,977,1909,2,4
2345,977,346,17,15
64,977,65,91,3
3678,978,1679,93,5
3729,978,1730,9,1
1575,978,1576,69,4
1601,978,1602,41,5
1428,979,1429,1,14
1136,979,1137,89,14
940,979,941,54,4
1916,979,1917,65,4
3249,980,1250,80,9
206,980,207,78,14
2556,980,557,19,3
2240,980,241,52,4
1089,981,1090,25,2
3297,981,1298,38,2
2063,981,64,93,8
2229,981,230,25,14
2742,982,743,65,15
2140,982,141,80,2
3911,982,1912,54,7
1526,982,1527,29,6
1579,983,1580,58,1
3825,983,1826,15,4
3110,983,1111,55,12
3924,983,1925,90,4
1176,984,1177,58,14
3293,984,1294,39,5
3058,984,1059,18,12
788,984,789,22,15
3410,985,1411,28,15
3481,985,1482,57,4
783,985,784,53,9
1192,985,1193,93,7
2007,986,8,100,5
937,986,938,38,8
2357,986,358,39,10
2855,986,856,63,3
77,987,78,100,14
985,987,986,20,3
1021,987,1022,45,6
1166,987,1167,34,4
570,988,571,41,14
3819,988,1820,33,6
1488,988,1489,87,4
2914,988,915,70,4
2780,989,781,26,1
369,989,370,77,4
2828,989,829,74,5
2940,989,941,54,2
2378,990,379,74,11
1438,990,1439,30,6
843,990,844,74,2
1919,990,1920,52,13
2340,991,341,36,1
2640,991,641,21,7
2603,991,604,63,7
3200,991,1201,52,7
1796,992,1797,91,4
3666,992,1667,93,10
3632,992,1633,10,5
2705,992,706,68,5
104,993,105,92,3
3188,993,1189,20,4
1867,993,1868,29,2
3584,993,1585,36,7
1878,994,1879,76,3
3721,994,1722,24,11
2154,994,155,26,5
26,994,27,21,10
2998,995,999,77,10
1907,995,1908,16,12
478,995,479,80,10
1778,995,1779,65,4
2417,996,418,53,7
857,996,858,13,12
2880,996,881,88,11
2443,996,444,42,9
3428,997,1429,90,12
573,997,574,27,14
2941,997,942,15,1
3039,997,1040,56,5
2253,998,254,97,14
1597,998,1598,72,1
2661,998,662,52,10
533,998,534,71,7
1429,999,1430,53,13
3377,999,1378,35,6
438,999,439,14,10
219,999,220,32,1
1212,1000,1213,98,6
744,1000,745,46,10
2950,1000,951,98,4
1904,1000,1905,72,14
