id,date,time,storeID,customerID
1,2023/02/10,05:57,55,613
2,2023/08/17,08:20,76,750
3,2023/06/02,05:46,96,893
4,2023/09/20,03:28,45,127
5,2023/09/13,10:24,3,824
6,2023/12/25,20:28,9,82
7,2023/02/04,14:37,76,203
8,2023/09/03,01:38,49,662
9,2023/02/22,09:54,57,399
10,2023/11/03,08:11,25,853
11,2023/06/15,15:40,37,128
12,2023/09/23,17:28,61,424
13,2023/12/13,07:12,5,674
14,2023/09/07,11:01,53,653
15,2023/09/28,00:27,68,114
16,2023/10/05,07:34,57,1
17,2023/11/10,14:12,50,574
18,2023/10/17,01:05,31,83
19,2023/09/05,18:01,34,2
20,2024/01/04,04:19,68,433
21,2023/01/23,01:52,39,140
22,2023/03/02,04:21,48,144
23,2023/07/18,11:10,94,499
24,2023/05/18,19:06,43,320
25,2023/03/08,00:15,75,935
26,2023/01/17,07:58,95,331
27,2023/03/30,02:29,74,248
28,2023/08/18,21:04,51,2
29,2023/03/29,20:03,2,78
30,2023/10/24,19:58,11,795
31,2023/01/13,20:40,23,232
32,2023/10/25,04:47,78,860
33,2023/08/24,11:33,81,634
34,2023/12/13,18:28,25,648
35,2023/03/09,01:34,29,522
36,2023/02/04,03:06,38,271
37,2023/10/19,16:16,84,888
38,2023/07/13,07:31,62,567
39,2023/07/28,09:50,55,406
40,2023/08/15,00:05,14,859
41,2023/05/25,01:48,65,51
42,2023/06/20,08:19,61,755
43,2023/11/21,22:09,70,319
44,2023/06/11,09:22,49,561
45,2023/12/26,23:22,100,707
46,2023/09/03,12:37,93,512
47,2023/04/12,15:44,29,484
48,2023/02/11,01:55,1,760
49,2023/08/12,14:17,53,948
50,2023/11/27,18:36,48,848
51,2023/06/27,23:14,35,824
52,2023/10/13,01:41,99,751
53,2023/01/20,20:06,12,644
54,2023/12/28,07:43,43,885
55,2023/10/08,16:34,55,443
56,2023/11/09,10:17,77,905
57,2023/03/17,03:35,73,640
58,2023/02/04,07:36,48,538
59,2023/12/12,13:17,41,8
60,2023/05/13,21:17,32,922
61,2023/12/25,19:31,72,170
62,2023/08/17,17:05,95,160
63,2023/12/06,11:11,6,55
64,2023/10/29,07:18,55,691
65,2023/10/12,11:51,25,781
66,2023/02/01,09:02,66,842
67,2023/07/06,12:45,1,444
68,2023/11/28,21:10,58,420
69,2023/08/07,09:45,16,404
70,2023/12/03,14:00,73,586
71,2023/01/10,05:14,6,947
72,2023/11/21,19:51,90,346
73,2023/07/27,04:42,20,301
74,2023/11/26,23:48,93,293
75,2023/04/04,21:52,81,156
76,2023/11/27,04:22,48,346
77,2023/12/18,11:43,85,569
78,2023/05/06,18:46,43,290
79,2023/06/05,02:28,54,228
80,2023/03/03,12:27,18,450
81,2023/11/17,03:22,51,572
82,2023/07/30,15:22,97,560
83,2023/05/22,12:37,16,475
84,2023/11/23,09:20,37,386
85,2023/01/18,06:13,31,9
86,2023/07/15,09:25,58,439
87,2023/04/27,04:10,88,565
88,2023/04/20,22:32,41,254
89,2023/09/04,23:55,22,507
90,2023/04/10,13:56,61,444
91,2024/01/02,02:06,83,58
92,2023/11/20,20:20,42,453
93,2023/12/20,18:25,89,438
94,2023/07/06,04:41,26,100
95,2023/04/15,01:24,99,409
96,2023/07/21,09:44,38,896
97,2023/09/28,00:36,2,158
98,2023/02/20,10:25,99,966
99,2023/04/21,05:04,15,655
100,2023/09/20,18:19,26,205
101,2023/11/30,15:23,1,9
102,2024/01/07,03:39,82,925
103,2023/06/27,11:33,8,97
104,2023/08/08,19:42,41,538
105,2023/10/20,08:33,28,829
106,2023/01/29,11:42,7,408
107,2023/09/23,06:53,39,658
108,2023/08/03,13:31,55,186
109,2023/09/05,04:07,50,185
110,2023/07/14,01:49,42,989
111,2023/11/08,20:18,41,468
112,2023/12/01,09:33,27,682
113,2023/07/25,10:58,100,711
114,2024/01/06,19:10,22,152
115,2023/07/17,19:57,60,699
116,2023/04/24,00:23,79,559
117,2023/11/14,19:22,43,661
118,2023/05/30,12:13,24,739
119,2023/01/08,14:03,81,873
120,2023/04/02,16:40,55,812
121,2023/11/17,22:38,19,88
122,2023/12/02,11:41,64,421
123,2023/09/12,09:41,80,718
124,2023/10/17,06:16,45,812
125,2023/09/10,02:20,9,322
126,2023/12/23,13:06,8,62
127,2023/10/06,04:48,54,656
128,2023/09/26,16:57,86,978
129,2023/04/07,01:47,80,798
130,2023/07/03,10:57,6,792
131,2023/03/29,03:38,41,523
132,2023/08/15,21:47,88,903
133,2023/07/11,14:36,62,231
134,2023/04/15,07:07,6,950
135,2023/11/09,12:11,59,633
136,2023/12/28,12:21,78,269
137,2023/05/15,20:23,19,737
138,2023/05/04,08:06,4,431
139,2023/04/25,11:37,70,713
140,2023/09/03,05:24,16,748
141,2023/03/12,14:20,24,932
142,2023/07/27,16:07,66,806
143,2023/07/19,03:01,66,252
144,2023/03/06,17:34,66,192
145,2023/09/02,03:07,46,501
146,2023/09/27,11:39,57,800
147,2023/02/19,02:21,33,720
148,2023/01/18,17:37,95,960
149,2023/02/12,02:03,34,801
150,2023/06/27,00:14,4,710
151,2023/07/31,21:24,87,853
152,2023/05/31,19:10,79,595
153,2023/01/10,19:54,59,653
154,2023/08/30,10:26,13,802
155,2023/07/29,12:16,22,633
156,2023/11/09,07:42,45,901
157,2023/04/15,14:07,48,729
158,2023/06/05,14:29,62,364
159,2023/04/21,12:29,85,908
160,2023/11/12,19:25,63,337
161,2023/03/02,05:02,10,760
162,2023/10/04,07:37,65,701
163,2024/01/07,21:34,7,880
164,2023/12/16,10:18,44,91
165,2023/03/23,19:12,55,145
166,2023/07/20,19:16,70,205
167,2023/08/21,09:07,11,169
168,2023/11/29,23:08,16,975
169,2023/07/29,21:19,64,1
170,2023/12/30,12:06,7,836
171,2023/04/08,23:20,20,686
172,2023/12/28,12:06,44,703
173,2023/03/14,11:33,64,964
174,2023/12/02,03:38,47,335
175,2023/06/21,08:41,94,864
176,2023/01/24,15:31,32,103
177,2023/05/27,17:17,40,498
178,2023/01/31,08:48,16,827
179,2023/11/16,13:28,85,435
180,2023/04/30,05:18,84,920
181,2023/01/22,01:02,91,46
182,2023/12/08,21:02,8,597
183,2023/01/08,13:14,13,405
184,2023/07/06,08:17,49,510
185,2023/10/31,04:14,86,282
186,2023/12/13,17:58,92,14
187,2023/11/30,10:04,11,65
188,2023/06/02,07:53,53,240
189,2023/06/22,10:49,36,472
190,2023/09/09,00:57,23,552
191,2023/06/01,23:46,76,619
192,2023/09/19,04:40,35,646
193,2023/08/16,20:18,6,59
194,2023/05/29,16:29,74,311
195,2023/11/19,07:48,70,813
196,2023/12/20,15:27,7,637
197,2023/07/14,17:41,13,351
198,2023/05/04,08:11,32,512
199,2023/12/22,12:27,29,655
200,2023/08/05,05:47,71,543
201,2023/07/25,23:53,28,768
202,2023/06/22,13:20,46,736
203,2023/04/05,06:46,3,179
204,2023/09/27,04:43,85,542
205,2023/12/11,15:44,81,267
206,2023/09/28,14:52,53,508
207,2023/10/26,23:29,79,518
208,2023/03/31,05:33,87,762
209,2023/01/29,05:37,92,901
210,2023/10/26,01:04,4,991
211,2023/09/21,16:21,12,340
212,2023/09/14,21:02,81,252
213,2023/02/28,19:24,71,430
214,2023/11/09,13:55,47,928
215,2023/11/29,07:53,57,224
216,2023/02/18,11:21,34,377
217,2023/09/02,15:06,49,342
218,2023/08/29,13:14,54,851
219,2023/01/18,12:48,99,701
220,2023/01/15,17:39,24,116
221,2023/12/25,00:15,44,385
222,2023/05/27,02:17,19,170
223,2023/11/29,11:26,24,533
224,2023/02/13,22:14,14,299
225,2023/08/30,22:56,57,617
226,2023/08/12,21:32,10,833
227,2023/07/09,09:40,9,513
228,2023/09/05,00:12,35,433
229,2023/12/16,14:25,52,181
230,2023/10/13,14:52,77,779
231,2023/05/10,14:31,88,273
232,2023/02/07,22:11,80,478
233,2023/12/26,23:03,81,19
234,2023/10/25,13:12,17,744
235,2024/01/07,20:45,77,956
236,2023/02/06,06:25,11,612
237,2023/06/29,13:49,100,790
238,2023/07/03,08:24,1,637
239,2023/01/11,16:02,95,362
240,2023/12/17,11:54,95,156
241,2023/08/12,12:50,66,394
242,2023/02/03,20:01,43,725
243,2023/05/18,08:49,60,641
244,2023/03/24,02:33,51,683
245,2023/04/01,23:10,21,662
246,2023/07/03,00:53,83,316
247,2023/11/07,05:06,30,462
248,2023/11/20,01:36,6,314
249,2023/08/02,17:30,54,641
250,2023/12/05,11:28,54,208
251,2023/01/23,04:55,78,904
252,2023/06/24,10:59,12,788
253,2023/06/11,06:22,88,602
254,2023/06/24,16:36,76,798
255,2023/12/12,23:52,64,60
256,2023/05/31,00:04,7,587
257,2023/08/21,01:07,95,309
258,2023/09/17,05:06,42,915
259,2023/12/06,16:01,65,918
260,2023/03/29,18:29,40,257
261,2023/09/20,08:26,10,255
262,2023/06/12,13:04,16,310
263,2023/04/15,20:40,17,514
264,2023/09/03,00:27,19,434
265,2023/03/27,19:48,51,151
266,2023/07/13,22:23,39,276
267,2023/01/23,00:05,44,197
268,2023/03/01,20:21,16,780
269,2023/11/01,09:29,92,71
270,2023/05/27,15:54,61,39
271,2023/01/08,05:23,61,236
272,2023/09/26,05:26,47,856
273,2023/03/25,17:00,49,239
274,2023/03/03,05:38,52,778
275,2023/10/29,11:24,24,986
276,2023/01/23,22:27,17,185
277,2023/05/24,18:49,8,984
278,2023/09/21,06:25,33,758
279,2023/03/19,06:43,91,587
280,2023/06/11,04:45,51,411
281,2023/04/05,21:24,37,898
282,2023/03/21,11:35,58,876
283,2023/02/13,08:03,77,427
284,2024/01/06,04:31,77,988
285,2023/03/14,14:10,59,936
286,2023/02/18,04:31,71,430
287,2023/05/10,19:02,75,316
288,2023/04/12,01:29,94,452
289,2023/12/29,07:14,93,36
290,2023/05/20,12:21,35,593
291,2023/03/25,10:52,78,865
292,2023/01/15,14:56,32,638
293,2023/03/12,13:45,89,187
294,2023/05/18,11:12,25,370
295,2023/12/28,05:17,23,220
296,2023/02/26,03:31,87,711
297,2023/11/11,05:05,42,38
298,2023/11/12,23:47,20,629
299,2023/10/22,13:43,46,618
300,2023/06/22,21:03,64,841
301,2023/05/20,13:30,92,17
302,2023/10/05,00:30,9,519
303,2023/10/30,18:59,44,347
304,2023/03/08,10:47,57,178
305,2023/06/24,08:30,28,913
306,2023/12/10,15:06,2,374
307,2023/01/30,15:24,79,779
308,2023/12/10,01:23,77,619
309,2023/11/05,15:17,1,533
310,2023/03/31,18:29,40,99
311,2023/08/11,02:54,40,858
312,2023/06/07,00:55,51,421
313,2023/07/20,15:28,39,52
314,2023/04/06,03:45,75,598
315,2023/05/19,19:29,83,795
316,2023/04/28,03:18,63,300
317,2023/05/16,02:56,96,773
318,2023/04/29,11:15,65,792
319,2023/03/19,20:46,9,854
320,2023/05/30,04:37,69,343
321,2023/09/15,18:25,86,284
322,2023/09/05,18:22,38,406
323,2023/09/22,17:12,69,574
324,2023/03/08,10:18,82,447
325,2023/06/11,06:00,38,121
326,2023/08/30,20:18,21,816
327,2023/09/15,21:10,39,618
328,2023/07/07,10:33,59,483
329,2023/11/15,08:47,13,504
330,2023/06/06,04:32,6,459
331,2023/04/22,18:48,81,485
332,2023/09/07,04:51,77,462
333,2023/02/17,19:45,70,230
334,2023/03/03,10:53,61,953
335,2023/05/11,01:43,50,996
336,2023/09/28,07:03,36,794
337,2023/10/29,15:54,74,12
338,2023/07/25,21:09,23,884
339,2023/03/07,03:10,30,955
340,2023/12/28,13:39,38,617
341,2023/07/30,09:55,65,56
342,2023/12/01,15:52,64,398
343,2023/06/17,14:16,49,359
344,2023/08/10,01:44,78,302
345,2023/09/08,23:06,47,69
346,2023/05/30,17:07,61,988
347,2023/03/14,16:36,22,872
348,2023/10/17,23:04,38,685
349,2023/08/08,05:15,69,801
350,2023/07/16,03:36,76,306
351,2023/02/28,22:10,100,746
352,2023/11/16,16:18,97,335
353,2023/06/29,20:47,11,26
354,2024/01/01,21:31,10,33
355,2023/10/10,07:03,17,202
356,2023/01/14,21:43,96,132
357,2023/06/04,05:32,22,677
358,2023/12/12,18:40,43,982
359,2023/11/29,22:59,45,713
360,2023/11/14,05:59,15,20
361,2023/12/10,14:59,1,867
362,2023/04/09,02:19,45,328
363,2023/02/14,08:31,76,895
364,2023/02/12,22:10,24,702
365,2023/02/10,11:09,23,733
366,2023/07/18,12:50,64,60
367,2023/07/15,22:18,73,1000
368,2023/05/18,12:34,34,583
369,2023/01/27,19:14,74,869
370,2023/10/28,07:02,10,644
371,2023/02/09,12:39,71,294
372,2023/05/11,04:08,45,26
373,2023/05/20,08:57,17,899
374,2023/04/10,05:40,21,106
375,2023/03/08,21:11,32,611
376,2023/11/04,22:13,100,651
377,2023/12/14,08:38,30,706
378,2023/08/26,18:46,70,379
379,2023/11/28,14:19,71,836
380,2023/01/31,08:03,32,921
381,2023/10/09,13:06,87,894
382,2023/03/14,15:38,23,368
383,2023/11/11,04:02,77,835
384,2023/07/08,11:49,56,96
385,2023/09/01,05:28,9,668
386,2023/01/21,16:26,4,774
387,2023/10/10,21:25,61,877
388,2023/01/26,16:00,8,680
389,2023/03/16,18:50,60,269
390,2023/06/09,06:51,86,190
391,2023/01/20,15:26,11,931
392,2023/12/13,10:11,58,868
393,2023/05/23,18:07,56,936
394,2023/02/02,00:59,47,816
395,2023/08/21,19:20,52,537
396,2023/01/14,03:41,77,157
397,2023/03/02,10:55,80,935
398,2023/12/25,04:36,91,583
399,2023/05/26,09:49,71,153
400,2023/03/17,04:10,17,361
401,2023/10/24,09:30,74,401
402,2023/09/12,23:40,17,55
403,2023/09/12,01:39,89,570
404,2023/08/04,10:00,54,413
405,2023/10/09,18:17,47,441
406,2023/04/29,10:25,18,621
407,2023/10/14,15:34,15,15
408,2023/07/30,13:43,27,192
409,2023/09/01,09:41,1,387
410,2023/01/29,10:38,23,353
411,2023/09/02,04:51,58,777
412,2023/08/15,03:01,21,86
413,2023/01/19,20:20,43,412
414,2023/12/12,05:26,54,482
415,2023/07/29,14:58,24,707
416,2023/07/09,09:36,1,563
417,2023/09/03,08:55,49,567
418,2023/07/09,11:28,45,352
419,2023/09/04,05:12,71,191
420,2023/12/29,00:22,23,955
421,2023/08/17,06:09,60,498
422,2023/05/06,09:44,26,733
423,2023/04/20,12:59,42,657
424,2023/07/07,05:12,6,68
425,2023/06/05,23:18,60,193
426,2023/07/19,17:53,13,161
427,2023/03/16,03:49,43,667
428,2023/11/16,10:11,59,888
429,2023/08/21,11:16,48,501
430,2023/03/17,04:40,49,724
431,2023/01/20,07:36,73,35
432,2023/02/03,15:26,22,383
433,2023/03/15,19:22,52,295
434,2023/11/21,22:57,27,52
435,2023/10/27,18:12,71,410
436,2023/05/08,00:23,48,837
437,2023/01/18,01:43,74,469
438,2023/12/27,07:15,23,997
439,2023/10/30,11:22,41,938
440,2023/08/15,18:03,32,449
441,2023/05/25,16:08,83,418
442,2023/12/09,21:47,75,393
443,2023/08/29,05:31,39,450
444,2023/02/26,19:36,7,589
445,2023/07/17,22:58,61,570
446,2023/04/12,18:35,18,931
447,2023/10/29,19:39,40,404
448,2023/07/26,13:53,4,929
449,2023/01/17,09:19,6,769
450,2023/11/18,07:38,42,460
451,2023/09/05,19:10,12,515
452,2023/06/23,13:32,28,708
453,2024/01/04,21:58,76,265
454,2023/10/14,04:02,85,782
455,2023/11/22,10:13,35,741
456,2023/10/06,10:18,73,785
457,2024/01/03,16:31,91,551
458,2023/09/20,15:16,67,790
459,2023/04/06,21:31,87,370
460,2023/02/18,12:53,1,663
461,2023/12/08,15:23,77,178
462,2023/04/04,14:22,95,940
463,2023/08/10,02:20,23,945
464,2023/03/14,10:45,7,402
465,2023/06/30,20:01,98,834
466,2023/12/18,03:15,14,492
467,2023/08/24,23:02,55,826
468,2023/02/18,13:37,76,922
469,2023/03/07,05:26,24,21
470,2023/04/14,13:40,36,879
471,2023/10/25,00:56,82,159
472,2023/01/28,14:13,36,477
473,2023/02/17,16:19,4,167
474,2023/01/30,16:03,72,881
475,2023/02/15,22:04,61,807
476,2023/12/23,23:08,44,508
477,2023/02/15,20:59,85,380
478,2023/09/18,21:10,15,957
479,2023/08/02,21:39,9,390
480,2023/09/20,02:37,59,960
481,2023/11/22,06:24,47,221
482,2023/03/22,13:03,5,509
483,2023/12/05,13:02,39,823
484,2023/12/11,02:39,27,568
485,2023/05/15,22:00,82,429
486,2023/11/14,02:38,86,771
487,2023/07/09,21:15,96,623
488,2023/11/03,19:50,5,219
489,2023/10/09,09:38,28,886
490,2023/10/09,01:16,75,136
491,2023/08/06,09:56,7,309
492,2023/05/26,09:50,92,626
493,2023/02/03,03:00,12,76
494,2023/07/25,16:25,83,858
495,2023/03/21,03:21,13,990
496,2023/05/27,13:39,33,630
497,2023/02/23,10:02,26,259
498,2023/10/13,06:16,50,75
499,2023/03/13,20:42,49,735
500,2023/11/27,09:27,100,369
501,2023/03/13,08:36,33,350
502,2023/03/05,18:02,11,108
503,2023/01/22,12:07,2,681
504,2023/01/08,19:45,46,757
505,2023/04/01,15:41,83,15
506,2023/03/27,00:55,20,907
507,2023/12/31,09:55,21,817
508,2024/01/05,18:01,22,103
509,2023/06/06,05:04,13,133
510,2023/03/20,12:05,68,632
511,2023/08/18,08:28,43,310
512,2023/08/17,14:11,87,951
513,2023/06/20,00:40,82,111
514,2023/06/16,11:58,57,226
515,2023/02/21,05:20,59,165
516,2023/09/13,22:55,9,953
517,2023/03/18,07:33,82,525
518,2023/12/24,23:12,94,395
519,2023/10/12,01:41,88,389
520,2023/05/18,03:37,23,925
521,2023/10/10,01:12,52,896
522,2023/07/27,03:22,100,998
523,2023/12/24,03:31,1,956
524,2023/12/12,23:10,100,235
525,2023/12/27,08:24,70,811
526,2023/07/26,19:37,4,28
527,2023/08/20,06:55,50,649
528,2023/06/16,05:26,69,369
529,2023/04/25,18:07,43,483
530,2023/03/13,11:51,59,826
531,2023/11/23,01:50,90,681
532,2023/12/11,18:01,16,668
533,2023/08/22,06:06,1,43
534,2023/08/11,18:24,71,391
535,2023/04/01,15:01,64,365
536,2023/08/08,02:56,27,819
537,2024/01/06,10:26,97,166
538,2023/09/29,17:13,54,175
539,2023/04/02,05:38,81,130
540,2023/05/16,04:33,77,683
541,2023/03/04,07:40,18,854
542,2023/02/22,12:06,86,784
543,2023/06/25,15:28,69,800
544,2023/08/21,00:12,76,411
545,2023/01/30,12:30,62,579
546,2023/11/01,14:00,91,148
547,2023/12/11,12:48,60,393
548,2023/03/30,13:13,63,730
549,2023/10/02,21:26,70,983
550,2023/05/28,20:21,84,110
551,2023/04/12,17:16,28,828
552,2023/06/01,15:03,18,287
553,2023/01/28,16:48,17,20
554,2023/11/19,23:48,6,291
555,2023/02/28,20:34,33,585
556,2023/10/10,18:56,3,983
557,2023/12/25,21:53,64,460
558,2023/07/08,17:11,66,506
559,2023/04/22,22:20,27,523
560,2023/01/22,07:52,37,809
561,2023/09/08,02:37,27,972
562,2023/03/16,20:27,85,773
563,2023/06/22,03:54,35,635
564,2023/11/18,14:15,92,360
565,2023/11/30,02:21,63,37
566,2023/07/31,08:08,10,893
567,2023/05/31,02:11,18,388
568,2023/08/13,06:12,17,933
569,2023/03/02,12:57,93,628
570,2023/10/21,03:37,53,572
571,2023/11/28,00:44,88,610
572,2023/02/06,07:17,76,246
573,2023/08/24,15:35,7,915
574,2023/03/20,14:22,40,870
575,2023/02/22,00:04,3,42
576,2023/09/29,14:57,86,578
577,2023/07/16,22:08,66,969
578,2023/10/07,13:59,73,847
579,2023/08/08,04:02,98,549
580,2023/01/20,02:45,17,758
581,2023/04/19,08:17,67,732
582,2024/01/01,12:15,94,410
583,2023/06/19,05:05,57,162
584,2023/10/18,18:48,31,275
585,2024/01/05,21:57,74,514
586,2023/07/08,03:36,89,349
587,2023/04/12,08:35,1,563
588,2023/09/02,04:35,8,752
589,2023/11/19,15:55,63,219
590,2023/11/30,04:53,73,725
591,2023/04/24,18:47,64,708
592,2023/09/17,10:45,67,149
593,2023/06/03,00:23,85,392
594,2023/10/29,08:17,36,395
595,2023/12/20,18:52,18,926
596,2023/06/02,16:32,54,575
597,2023/02/09,16:42,85,318
598,2023/06/28,01:05,49,198
599,2023/03/30,06:34,28,429
600,2023/05/17,05:30,40,985
601,2023/04/06,14:25,10,786
602,2023/02/10,17:57,56,127
603,2023/08/18,03:13,46,731
604,2023/12/01,02:26,64,975
605,2023/06/26,04:50,50,303
606,2023/03/05,17:49,67,240
607,2023/02/13,04:44,3,28
608,2023/08/12,03:57,30,375
609,2023/10/06,18:34,94,357
610,2023/03/01,09:54,55,235
611,2023/10/23,15:46,43,722
612,2023/10/16,15:13,61,910
613,2023/11/13,19:34,49,559
614,2023/06/26,19:06,77,322
615,2023/06/25,12:11,75,787
616,2023/11/05,12:11,74,358
617,2023/05/29,19:57,80,94
618,2023/05/20,13:56,100,520
619,2023/04/25,10:13,100,652
620,2023/09/28,16:59,58,535
621,2023/03/01,23:46,34,576
622,2023/08/24,07:20,88,740
623,2023/08/14,08:30,99,384
624,2023/04/28,00:00,94,672
625,2023/07/24,16:34,24,279
626,2023/10/05,12:33,40,817
627,2023/01/24,08:32,7,954
628,2023/12/23,23:49,36,40
629,2023/12/28,19:16,84,263
630,2023/10/05,21:32,75,231
631,2023/07/02,19:27,98,247
632,2023/12/13,07:30,97,338
633,2023/01/30,18:34,2,53
634,2023/07/28,07:21,7,446
635,2023/06/02,15:03,71,741
636,2023/03/29,18:25,87,229
637,2023/04/01,19:13,26,818
638,2023/10/15,10:21,68,274
639,2023/08/18,12:51,43,607
640,2023/06/28,14:42,97,207
641,2023/12/07,15:52,75,627
642,2023/12/30,20:04,71,776
643,2023/02/07,04:46,48,24
644,2024/01/04,16:28,27,332
645,2023/12/01,01:08,92,296
646,2023/11/09,15:51,2,715
647,2023/10/28,00:05,67,392
648,2023/03/17,14:21,70,605
649,2023/06/09,01:06,59,721
650,2023/03/08,22:11,13,339
651,2023/06/05,17:14,38,196
652,2023/10/27,22:37,81,749
653,2023/10/31,23:03,9,803
654,2023/06/24,17:20,75,520
655,2023/12/18,04:42,64,573
656,2023/07/16,02:58,44,253
657,2023/10/05,02:33,95,89
658,2023/03/21,04:20,79,719
659,2023/05/16,21:56,95,47
660,2023/02/02,08:22,98,160
661,2023/03/18,13:44,37,397
662,2023/03/28,12:10,11,200
663,2023/02/12,00:53,38,119
664,2023/11/26,02:48,77,850
665,2023/09/21,21:10,40,215
666,2023/03/18,13:18,66,906
667,2023/04/23,22:07,97,339
668,2023/05/25,23:49,81,317
669,2023/07/04,08:12,18,304
670,2023/11/28,08:54,94,27
671,2023/01/31,06:09,23,238
672,2023/04/16,16:21,46,362
673,2023/07/24,03:13,17,688
674,2023/05/29,08:22,100,785
675,2023/06/22,10:51,36,910
676,2023/10/11,02:35,19,380
677,2023/03/06,23:07,33,679
678,2023/03/23,22:48,2,784
679,2023/12/18,22:26,26,524
680,2023/12/09,12:35,94,743
681,2023/02/27,05:29,4,386
682,2023/04/20,16:10,62,917
683,2023/06/10,09:12,56,789
684,2023/11/18,05:49,25,387
685,2023/03/15,19:06,21,531
686,2023/07/01,17:09,23,425
687,2023/02/07,23:38,52,324
688,2023/01/31,10:04,83,36
689,2023/06/27,14:49,55,224
690,2023/08/14,12:13,11,277
691,2023/04/13,13:38,48,476
692,2023/09/10,09:01,73,151
693,2023/01/31,10:00,100,892
694,2023/02/17,19:22,61,381
695,2023/04/20,17:44,34,843
696,2023/04/13,15:59,51,162
697,2023/10/04,00:57,14,918
698,2023/01/18,07:54,30,436
699,2023/01/18,01:07,100,37
700,2023/06/24,04:24,40,129
701,2023/12/16,07:13,18,530
702,2023/06/03,18:01,31,243
703,2023/11/18,03:01,19,723
704,2023/04/10,20:49,84,982
705,2023/12/08,14:37,8,256
706,2023/05/06,07:12,16,660
707,2023/08/29,07:34,99,596
708,2024/01/04,08:48,16,155
709,2023/12/29,15:30,86,324
710,2023/12/07,11:31,74,718
711,2023/12/05,06:36,86,592
712,2023/03/02,14:57,43,571
713,2023/10/08,23:44,99,823
714,2023/07/01,23:07,12,447
715,2023/07/08,05:36,100,10
716,2023/06/19,06:48,3,704
717,2023/04/13,20:08,65,111
718,2023/07/10,02:42,89,752
719,2023/07/20,23:43,3,549
720,2023/12/11,05:21,67,970
721,2023/12/08,09:20,100,492
722,2023/11/20,02:01,7,24
723,2023/03/31,20:20,62,769
724,2023/03/28,08:08,40,105
725,2023/04/26,19:40,2,328
726,2023/02/11,11:46,59,942
727,2023/10/03,01:26,45,971
728,2023/09/10,10:02,64,745
729,2023/05/15,08:57,11,600
730,2023/10/26,06:17,65,529
731,2023/03/26,19:30,33,378
732,2023/09/17,01:29,80,142
733,2023/02/11,14:34,8,819
734,2023/10/23,09:42,21,732
735,2023/07/07,10:05,25,320
736,2023/11/30,08:46,80,434
737,2023/11/08,10:19,87,419
738,2023/04/06,20:55,40,849
739,2023/03/30,20:17,45,516
740,2023/05/20,02:56,52,972
741,2023/02/28,03:49,43,598
742,2023/11/30,14:35,86,305
743,2023/09/08,06:39,93,481
744,2023/03/03,17:20,91,575
745,2023/02/26,08:53,72,594
746,2023/12/15,15:06,40,806
747,2023/04/13,19:57,24,900
748,2023/07/24,02:58,90,239
749,2023/03/20,11:27,44,400
750,2023/09/10,04:41,83,839
751,2023/03/12,14:11,79,797
752,2023/12/29,14:02,64,432
753,2023/04/28,15:48,2,146
754,2023/05/01,18:28,40,830
755,2023/02/22,02:39,66,77
756,2023/12/13,03:01,42,950
757,2023/11/05,00:34,43,371
758,2023/12/04,20:06,67,553
759,2023/08/18,04:02,98,802
760,2023/12/11,06:11,18,855
761,2023/11/19,17:52,87,968
762,2023/04/24,14:04,1,737
763,2023/02/02,03:17,36,200
764,2023/08/29,10:07,21,68
765,2023/12/03,13:19,26,838
766,2023/03/25,13:11,95,878
767,2023/06/10,09:50,47,289
768,2023/08/25,02:36,46,997
769,2023/11/01,14:06,86,137
770,2023/04/27,02:34,93,505
771,2023/02/07,12:39,61,107
772,2023/08/19,19:23,15,588
773,2023/10/15,20:19,80,6
774,2023/01/14,12:09,92,543
775,2023/09/05,17:12,79,980
776,2023/07/10,22:27,92,958
777,2023/05/18,17:06,73,968
778,2023/03/03,22:52,40,34
779,2023/06/06,12:45,62,132
780,2023/03/20,01:24,24,100
781,2023/05/04,15:19,55,76
782,2023/03/01,15:15,31,167
783,2023/05/04,15:01,100,621
784,2023/07/08,23:47,80,85
785,2023/12/20,10:10,85,217
786,2023/03/09,11:35,27,214
787,2023/11/11,10:03,24,938
788,2023/05/17,18:39,97,963
789,2023/12/04,14:16,10,388
790,2023/03/15,00:30,59,541
791,2023/01/18,02:31,7,775
792,2023/05/04,02:34,5,210
793,2023/04/30,20:38,48,645
794,2023/05/04,10:23,39,815
795,2023/09/09,06:09,32,209
796,2023/02/11,13:10,57,519
797,2023/04/30,08:51,60,704
798,2023/12/25,05:04,66,961
799,2023/01/26,16:44,26,233
800,2023/05/01,05:02,16,398
801,2023/10/01,16:55,4,495
802,2023/02/09,00:43,91,669
803,2023/08/31,09:06,59,203
804,2023/01/17,00:29,77,742
805,2023/02/06,16:56,12,330
806,2023/09/25,19:36,67,944
807,2023/01/16,16:37,54,626
808,2023/02/18,11:59,92,296
809,2023/06/29,06:50,90,921
810,2023/06/30,00:59,16,687
811,2023/09/23,07:02,90,593
812,2023/12/09,14:46,52,815
813,2023/02/07,16:17,15,38
814,2023/09/16,10:56,22,517
815,2023/04/27,06:52,31,770
816,2023/10/06,22:39,30,255
817,2023/07/15,01:17,19,865
818,2023/10/13,22:27,75,397
819,2023/05/29,22:47,30,331
820,2023/06/26,16:02,75,880
821,2023/07/19,22:02,57,233
822,2023/10/04,08:26,9,199
823,2023/01/21,19:11,13,457
824,2023/05/20,18:11,62,212
825,2023/09/06,14:34,90,952
826,2023/09/01,18:37,15,992
827,2023/09/16,11:37,92,21
828,2023/02/16,00:11,88,991
829,2023/07/17,07:21,29,150
830,2023/09/12,12:04,76,325
831,2023/06/11,09:02,6,113
832,2023/07/31,15:23,56,993
833,2023/09/01,12:55,35,31
834,2023/06/30,18:48,18,891
835,2023/03/26,19:12,96,13
836,2023/02/16,14:28,45,568
837,2023/05/27,10:00,14,845
838,2023/12/04,16:37,51,428
839,2023/03/21,20:15,79,579
840,2023/12/24,22:53,42,627
841,2023/10/16,01:40,22,165
842,2023/06/20,01:59,47,663
843,2023/01/31,14:10,33,555
844,2023/11/02,19:10,38,327
845,2023/12/09,11:23,67,849
846,2023/05/16,16:11,16,728
847,2023/12/21,10:29,2,687
848,2023/06/05,15:23,6,202
849,2023/07/27,07:55,24,112
850,2024/01/02,18:35,14,40
851,2023/01/09,08:47,21,73
852,2023/03/19,04:56,43,270
853,2023/04/14,12:38,40,391
854,2023/10/23,12:32,17,639
855,2023/02/12,16:12,71,544
856,2023/03/20,05:51,79,734
857,2023/06/25,03:49,37,526
858,2024/01/04,23:14,75,919
859,2023/04/04,13:52,16,168
860,2023/09/01,03:59,6,906
861,2023/08/17,06:46,60,787
862,2023/06/29,03:35,13,283
863,2023/03/11,17:09,74,45
864,2023/02/27,14:23,2,275
865,2023/11/13,19:16,33,223
866,2023/03/10,05:59,18,748
867,2023/05/06,01:12,40,623
868,2023/04/24,16:09,14,976
869,2023/03/12,20:11,12,95
870,2023/03/09,06:20,40,692
871,2023/01/19,23:08,13,487
872,2023/06/10,10:36,29,673
873,2023/12/22,22:23,41,891
874,2023/03/31,21:46,89,201
875,2023/09/23,01:53,86,377
876,2023/02/04,19:38,8,109
877,2023/08/31,05:09,63,488
878,2023/05/19,21:12,17,616
879,2023/04/03,14:51,42,245
880,2023/07/04,17:28,50,452
881,2023/03/24,06:52,38,887
882,2023/08/14,14:54,49,222
883,2023/06/15,00:45,74,584
884,2023/01/15,19:15,46,995
885,2023/01/28,21:25,85,892
886,2023/01/29,17:59,16,909
887,2023/10/03,20:35,62,766
888,2023/06/29,23:21,18,439
889,2023/10/30,14:39,85,665
890,2023/01/14,13:26,82,412
891,2023/08/11,22:41,48,232
892,2023/08/11,15:52,1,521
893,2023/11/13,21:02,52,110
894,2023/01/21,18:21,88,87
895,2023/08/30,02:25,65,513
896,2023/07/14,22:22,55,456
897,2023/03/19,02:45,4,676
898,2023/06/05,15:07,24,56
899,2023/08/23,06:16,21,738
900,2023/05/14,06:51,88,941
901,2023/03/05,10:48,50,588
902,2023/05/07,13:28,51,608
903,2023/12/02,03:59,15,540
904,2023/09/29,00:51,23,730
905,2023/12/28,12:59,68,606
906,2023/03/25,02:01,83,45
907,2023/06/14,15:28,80,125
908,2023/10/20,19:24,62,811
909,2023/05/17,17:11,81,965
910,2023/06/01,03:22,63,164
911,2023/10/19,19:37,88,473
912,2023/11/20,16:27,50,461
913,2023/03/01,01:07,35,610
914,2023/03/16,03:49,23,620
915,2024/01/05,10:01,31,531
916,2023/07/01,15:06,69,890
917,2023/11/11,10:47,11,423
918,2023/04/23,13:03,97,48
919,2023/11/14,02:37,8,846
920,2023/03/27,23:31,99,242
921,2023/06/19,22:40,52,213
922,2023/10/24,20:52,50,306
923,2023/12/04,07:34,85,636
924,2023/03/15,02:43,13,134
925,2023/02/24,22:30,29,281
926,2023/07/23,20:09,21,188
927,2023/02/26,22:15,82,622
928,2023/03/24,23:17,32,403
929,2023/12/23,01:52,79,825
930,2023/10/11,09:26,73,527
931,2023/12/19,11:14,98,664
932,2023/02/21,17:53,61,550
933,2023/06/06,14:38,78,846
934,2023/05/16,14:00,66,276
935,2023/12/12,03:31,74,378
936,2023/11/14,04:30,46,967
937,2023/10/10,10:20,36,835
938,2023/07/15,07:06,35,360
939,2023/08/13,04:36,26,916
940,2023/11/12,22:52,53,820
941,2023/04/05,02:59,86,183
942,2023/12/21,08:24,78,128
943,2023/02/28,07:40,21,229
944,2023/04/01,11:23,46,532
945,2023/11/04,17:10,9,440
946,2023/03/24,00:08,73,464
947,2023/04/24,13:42,86,62
948,2023/04/24,21:41,12,840
949,2023/05/28,23:49,31,680
950,2023/01/21,12:24,66,206
951,2023/07/30,04:26,76,396
952,2023/08/31,20:37,47,994
953,2023/10/13,02:29,29,727
954,2023/01/11,16:20,48,158
955,2023/09/28,01:16,22,358
956,2023/12/30,09:48,88,465
957,2023/11/13,11:17,99,643
958,2023/01/16,00:41,99,686
959,2023/06/12,08:24,67,670
960,2023/06/29,00:09,98,735
961,2023/06/16,09:49,51,366
962,2023/02/01,01:07,98,724
963,2023/10/08,07:53,46,30
964,2023/12/25,23:16,14,116
965,2023/09/23,21:58,76,914
966,2023/01/22,22:03,29,799
967,2023/03/12,23:47,6,536
968,2023/12/02,10:24,30,981
969,2023/09/17,09:58,79,471
970,2023/02/18,06:43,32,916
971,2023/10/20,05:58,95,272
972,2023/07/11,04:31,24,272
973,2023/02/17,13:18,8,793
974,2023/10/17,21:07,95,466
975,2023/03/20,02:24,16,755
976,2023/06/12,23:18,63,207
977,2023/04/22,15:49,29,727
978,2023/06/17,00:07,32,39
979,2023/07/20,13:48,90,926
980,2023/08/03,21:12,22,860
981,2023/12/23,22:13,56,294
982,2023/12/01,17:14,47,516
983,2023/09/16,19:22,7,431
984,2023/08/15,15:02,35,827
985,2023/08/28,02:27,74,181
986,2023/09/11,00:51,17,763
987,2023/02/01,15:43,34,221
988,2024/01/01,12:50,54,354
989,2023/03/28,06:26,19,734
990,2023/06/13,05:54,11,265
991,2023/08/04,20:30,14,600
992,2023/12/29,14:44,84,622
993,2023/11/06,14:01,16,810
994,2023/01/25,14:41,86,472
995,2023/05/03,22:22,55,805
996,2023/09/03,14:25,71,27
997,2023/09/23,01:24,67,134
998,2023/09/01,23:14,43,608
999,2023/06/28,18:44,3,381
1000,2023/10/02,10:39,97,79
1001,2023/04/02,04:59,88,558
1002,2023/09/21,07:00,14,283
1003,2023/04/06,11:00,2,281
1004,2023/12/11,20:23,58,648
1005,2023/08/17,16:16,38,678
1006,2023/11/02,07:38,20,234
1007,2023/10/07,05:17,9,190
1008,2023/03/23,21:31,88,534
1009,2023/04/07,20:12,97,90
1010,2024/01/07,13:55,24,174
1011,2023/05/24,17:38,93,182
1012,2023/11/16,07:45,25,81
1013,2023/12/14,01:08,60,645
1014,2023/08/12,15:40,55,403
1015,2023/12/24,19:07,7,463
1016,2023/04/10,05:48,88,491
1017,2023/10/11,00:57,33,422
1018,2023/04/08,07:00,78,671
1019,2023/02/14,17:15,91,155
1020,2023/07/30,02:24,22,556
1021,2023/08/26,03:57,57,805
1022,2023/04/17,18:09,17,744
1023,2024/01/05,02:37,8,257
1024,2023/05/17,00:13,20,649
1025,2023/10/06,01:06,23,959
1026,2023/03/09,04:43,60,499
1027,2023/10/15,02:16,75,282
1028,2023/08/09,05:31,51,658
1029,2023/08/13,08:03,30,973
1030,2023/09/23,04:34,83,497
1031,2023/07/28,18:29,72,427
1032,2023/02/28,07:50,50,726
1033,2023/06/19,23:55,54,323
1034,2023/08/29,10:12,20,106
1035,2023/11/08,14:40,61,528
1036,2023/03/07,19:15,96,941
1037,2023/11/16,17:37,64,934
1038,2023/04/14,11:12,23,64
1039,2023/10/09,22:40,36,714
1040,2023/01/10,13:37,42,659
1041,2023/11/18,02:11,82,260
1042,2023/09/25,05:29,56,832
1043,2023/09/12,08:03,89,721
1044,2023/06/08,08:53,82,882
1045,2023/09/12,08:43,24,164
1046,2023/04/27,15:21,48,428
1047,2023/04/20,10:57,24,929
1048,2023/08/23,21:46,5,502
1049,2023/08/29,12:29,55,477
1050,2023/07/07,10:27,8,486
1051,2023/08/20,21:25,32,632
1052,2023/02/20,16:56,75,842
1053,2023/03/31,05:41,36,117
1054,2023/11/14,09:52,38,180
1055,2023/01/22,20:27,76,565
1056,2023/08/26,10:44,3,148
1057,2023/06/14,16:42,80,861
1058,2023/10/31,11:26,17,656
1059,2023/05/04,16:00,29,697
1060,2023/05/08,23:14,60,747
1061,2023/04/03,16:04,39,591
1062,2023/10/07,15:07,26,594
1063,2023/08/29,04:08,84,651
1064,2023/12/23,10:42,83,986
1065,2023/12/16,22:11,75,624
1066,2023/09/01,13:36,60,241
1067,2023/10/26,07:53,33,547
1068,2023/05/24,18:13,65,446
1069,2023/07/21,10:57,96,225
1070,2023/04/10,14:38,73,417
1071,2023/03/23,21:38,4,980
1072,2023/12/25,22:18,91,934
1073,2023/03/04,04:54,89,59
1074,2023/12/06,00:35,36,363
1075,2023/07/03,21:07,23,505
1076,2023/09/15,06:15,42,451
1077,2023/08/03,03:23,18,844
1078,2023/10/12,18:48,58,670
1079,2023/12/26,04:23,15,218
1080,2023/02/06,22:05,92,692
1081,2023/09/03,23:27,56,859
1082,2023/10/25,22:07,9,930
1083,2023/12/06,23:55,80,289
1084,2023/04/10,09:38,89,372
1085,2023/08/13,18:57,82,561
1086,2023/03/10,11:51,42,652
1087,2023/09/30,17:55,7,581
1088,2023/02/20,00:43,33,326
1089,2023/03/04,21:01,45,72
1090,2023/02/20,02:16,95,911
1091,2023/05/30,18:47,55,441
1092,2023/05/31,13:07,22,949
1093,2023/12/29,10:01,65,319
1094,2023/03/12,09:31,72,244
1095,2023/05/26,11:58,65,879
1096,2023/02/22,22:10,41,722
1097,2023/09/17,20:05,37,518
1098,2023/04/02,09:27,73,548
1099,2023/11/10,10:48,18,215
1100,2023/11/26,15:15,63,298
1101,2023/03/02,08:43,99,756
1102,2023/11/23,21:25,24,22
1103,2023/10/16,15:20,68,537
1104,2023/12/11,04:31,87,129
1105,2023/08/06,23:51,5,696
1106,2023/10/20,08:53,19,268
1107,2023/09/25,00:08,54,636
1108,2023/09/16,21:09,58,448
1109,2023/06/15,19:02,80,789
1110,2023/07/05,03:26,12,974
1111,2023/03/26,00:03,31,98
1112,2023/09/26,02:30,3,791
1113,2023/12/14,10:22,23,118
1114,2023/02/28,12:23,19,804
1115,2023/11/14,07:05,6,344
1116,2023/10/28,15:01,35,365
1117,2023/08/08,21:33,15,470
1118,2023/07/06,21:24,31,382
1119,2023/12/04,09:12,44,97
1120,2023/02/05,11:02,78,671
1121,2023/12/15,05:25,89,535
1122,2023/01/15,13:01,48,356
1123,2023/09/15,08:37,20,895
1124,2023/05/25,15:23,94,852
1125,2023/06/09,01:38,40,172
1126,2023/06/29,21:21,63,93
1127,2023/04/06,01:26,70,184
1128,2023/11/14,05:02,7,949
1129,2023/09/23,17:34,38,368
1130,2023/03/16,04:24,29,585
1131,2023/10/13,05:10,89,345
1132,2023/10/21,22:30,84,958
1133,2023/12/31,03:21,73,871
1134,2023/01/22,21:54,92,437
1135,2023/06/24,17:37,30,469
1136,2023/01/21,15:00,90,863
1137,2023/02/25,11:07,39,597
1138,2023/06/17,22:46,57,109
1139,2023/01/18,22:34,24,333
1140,2023/06/07,00:23,73,126
1141,2023/01/27,23:20,12,603
1142,2023/10/04,00:07,56,843
1143,2023/05/20,05:18,45,911
1144,2023/12/25,08:31,95,674
1145,2023/11/26,07:45,29,292
1146,2023/06/09,04:01,6,12
1147,2023/01/22,23:19,85,407
1148,2023/05/10,00:10,14,506
1149,2023/03/30,19:33,51,211
1150,2023/11/15,09:41,53,423
1151,2023/08/02,20:19,73,908
1152,2023/03/11,08:58,60,318
1153,2023/10/22,10:58,2,355
1154,2023/07/23,11:48,37,29
1155,2023/12/16,06:04,72,415
1156,2023/01/28,12:36,53,81
1157,2023/04/27,06:12,41,334
1158,2023/08/29,18:02,30,258
1159,2023/05/14,02:50,30,912
1160,2023/11/27,06:14,30,122
1161,2023/12/02,08:12,6,348
1162,2023/12/11,00:32,11,217
1163,2023/04/06,15:17,37,577
1164,2023/07/07,23:48,40,481
1165,2023/02/26,18:40,81,195
1166,2023/02/18,18:20,52,560
1167,2023/07/24,03:52,1,515
1168,2023/02/12,19:53,87,778
1169,2023/03/29,14:49,31,578
1170,2023/04/06,00:12,41,480
1171,2023/09/17,12:39,69,772
1172,2023/09/30,18:36,86,139
1173,2023/10/05,15:55,21,457
1174,2023/06/25,08:58,5,379
1175,2023/06/22,10:19,49,367
1176,2023/01/20,08:49,100,177
1177,2023/11/17,22:22,82,142
1178,2023/01/22,22:08,15,981
1179,2023/08/01,12:53,54,375
1180,2023/08/22,13:31,3,987
1181,2023/12/30,00:16,51,782
1182,2023/03/18,14:18,86,703
1183,2023/11/11,20:57,71,11
1184,2023/01/22,03:05,79,569
1185,2023/09/07,03:46,96,977
1186,2023/08/23,17:26,7,620
1187,2024/01/02,18:39,58,889
1188,2023/04/29,01:00,47,709
1189,2023/10/09,10:28,30,764
1190,2023/10/31,07:16,34,524
1191,2023/01/12,17:04,51,92
1192,2023/02/24,06:26,68,140
1193,2023/11/26,18:13,6,576
1194,2023/09/29,23:30,88,710
1195,2023/11/19,03:42,56,227
1196,2023/05/20,00:24,84,930
1197,2023/09/02,12:43,72,124
1198,2023/04/16,15:32,24,634
1199,2023/05/25,15:50,84,336
1200,2023/12/11,14:38,45,804
1201,2023/07/22,22:31,70,589
1202,2023/10/11,10:28,26,147
1203,2023/05/23,02:37,70,216
1204,2023/05/08,03:09,47,493
1205,2023/12/07,05:26,90,166
1206,2023/08/13,21:48,35,234
1207,2023/08/08,12:20,85,251
1208,2023/02/18,18:48,29,154
1209,2023/07/09,16:49,72,631
1210,2023/05/05,14:54,57,797
1211,2023/08/12,10:26,31,141
1212,2023/01/31,12:01,85,675
1213,2023/07/03,14:30,25,241
1214,2023/11/28,01:46,84,454
1215,2023/03/27,21:53,90,546
1216,2023/10/21,19:36,98,143
1217,2023/06/26,03:06,25,547
1218,2023/10/21,06:02,98,196
1219,2023/10/12,15:29,92,243
1220,2023/10/16,15:29,93,213
1221,2023/09/25,22:05,1,175
1222,2023/10/23,09:15,93,596
1223,2023/07/03,02:41,3,939
1224,2023/06/13,11:45,39,389
1225,2023/01/18,09:37,61,630
1226,2023/12/23,06:17,40,264
1227,2023/06/21,15:09,61,153
1228,2023/04/20,23:10,57,937
1229,2023/01/28,09:27,36,852
1230,2023/12/18,03:51,19,187
1231,2023/06/19,22:24,18,496
1232,2023/08/23,10:09,48,522
1233,2023/12/23,12:49,29,341
1234,2023/09/18,03:39,98,49
1235,2023/01/16,04:21,67,830
1236,2023/06/26,22:47,84,783
1237,2023/01/25,16:31,45,176
1238,2023/03/19,10:00,26,471
1239,2023/09/23,17:20,38,829
1240,2023/04/10,04:11,53,311
1241,2023/11/23,08:23,20,287
1242,2023/02/13,06:16,91,25
1243,2023/07/10,18:57,76,924
1244,2023/11/27,20:40,19,837
1245,2023/07/12,20:19,11,112
1246,2023/06/02,16:42,20,467
1247,2023/04/09,21:50,68,557
1248,2023/12/24,17:07,38,249
1249,2023/03/18,08:56,18,359
1250,2023/11/19,07:59,47,571
1251,2023/04/16,01:37,90,204
1252,2023/06/26,12:47,85,647
1253,2023/08/31,12:05,19,87
1254,2023/05/05,06:20,39,491
1255,2023/12/11,01:27,33,264
1256,2023/02/05,18:39,8,336
1257,2023/02/22,07:58,6,163
1258,2023/10/03,20:07,8,301
1259,2023/11/26,16:14,64,624
1260,2023/05/13,17:19,30,93
1261,2023/12/28,14:20,71,551
1262,2023/04/06,20:15,35,273
1263,2023/12/06,13:05,56,102
1264,2023/12/08,05:43,50,337
1265,2023/09/17,08:39,67,418
1266,2023/11/12,15:28,33,314
1267,2023/06/30,12:00,86,85
1268,2023/02/22,02:17,87,625
1269,2023/12/23,06:20,59,143
1270,2023/02/26,10:47,19,95
1271,2023/08/27,04:09,32,16
1272,2023/07/08,06:42,64,107
1273,2023/09/11,08:16,61,809
1274,2023/04/01,09:58,87,754
1275,2023/05/24,06:14,52,288
1276,2023/06/17,18:45,54,250
1277,2023/10/05,01:20,38,946
1278,2023/05/16,19:29,100,494
1279,2023/06/24,20:40,47,878
1280,2023/09/30,02:27,67,285
1281,2023/11/10,09:47,91,614
1282,2023/04/19,14:09,25,736
1283,2023/12/22,03:48,51,693
1284,2023/02/06,19:34,10,218
1285,2023/04/12,10:32,95,957
1286,2023/06/23,14:01,91,90
1287,2023/03/12,12:16,69,227
1288,2023/11/14,02:23,7,974
1289,2023/03/18,09:43,21,504
1290,2023/05/12,16:07,85,228
1291,2023/06/08,13:20,41,946
1292,2023/07/18,18:21,69,226
1293,2023/11/14,09:49,87,329
1294,2023/03/30,02:19,87,206
1295,2023/03/29,22:34,70,841
1296,2023/09/17,03:08,58,697
1297,2023/08/30,13:24,87,788
1298,2023/01/23,23:51,12,408
1299,2023/08/18,19:43,52,480
1300,2023/02/09,06:04,56,553
1301,2023/01/27,18:47,61,171
1302,2023/08/09,02:45,99,18
1303,2023/11/11,12:01,4,440
1304,2023/08/26,16:14,27,943
1305,2023/05/26,23:50,84,154
1306,2023/08/24,23:56,25,355
1307,2023/08/22,17:13,74,803
1308,2023/06/28,09:55,5,601
1309,2023/12/18,11:36,21,41
1310,2023/07/27,09:45,18,510
1311,2023/10/30,07:18,12,754
1312,2023/12/22,01:53,56,292
1313,2023/08/27,06:46,34,342
1314,2023/12/14,19:12,77,46
1315,2023/04/16,19:26,18,270
1316,2023/09/01,07:00,30,907
1317,2023/01/24,21:26,12,928
1318,2023/11/27,18:06,24,867
1319,2023/07/06,02:57,9,679
1320,2024/01/01,15:57,69,716
1321,2023/04/26,12:48,41,225
1322,2023/08/09,20:47,52,696
1323,2023/07/18,12:01,80,699
1324,2023/02/21,20:24,79,69
1325,2023/12/13,11:17,61,313
1326,2023/02/10,16:13,33,631
1327,2023/04/20,05:07,15,262
1328,2023/02/06,17:59,35,672
1329,2023/09/21,18:18,51,545
1330,2024/01/04,10:08,13,13
1331,2023/07/28,09:46,65,23
1332,2024/01/05,20:25,27,230
1333,2023/11/28,22:39,94,470
1334,2023/04/08,22:39,33,277
1335,2023/01/18,12:17,7,998
1336,2023/01/29,16:38,55,870
1337,2024/01/01,19:13,98,313
1338,2023/10/11,03:35,29,786
1339,2023/06/01,00:01,35,14
1340,2023/09/06,09:30,46,676
1341,2023/08/17,07:24,72,659
1342,2023/08/24,02:19,78,939
1343,2023/09/24,16:54,67,954
1344,2023/06/11,18:42,88,603
1345,2023/05/16,11:03,49,661
1346,2023/10/05,07:02,61,628
1347,2023/11/08,10:43,31,53
1348,2023/05/14,18:17,65,511
1349,2023/03/03,08:59,97,146
1350,2023/08/28,21:24,63,590
1351,2023/12/03,14:00,72,262
1352,2023/01/15,05:04,71,833
1353,2023/12/21,01:26,81,347
1354,2023/07/21,03:35,75,749
1355,2023/08/23,04:15,60,601
1356,2023/02/06,14:11,75,607
1357,2023/02/19,10:47,76,536
1358,2023/03/24,16:57,19,4
1359,2023/11/02,12:45,1,614
1360,2023/11/20,14:47,76,168
1361,2023/05/27,06:04,98,586
1362,2023/05/25,14:01,4,557
1363,2023/08/20,07:29,95,122
1364,2023/07/05,17:30,46,474
1365,2023/03/31,04:02,56,775
1366,2023/04/17,21:43,94,150
1367,2023/07/06,19:51,57,286
1368,2023/08/14,23:10,68,665
1369,2023/04/22,19:52,58,135
1370,2023/01/30,10:09,6,307
1371,2023/12/18,21:13,55,326
1372,2023/05/28,04:52,13,875
1373,2023/11/11,21:51,18,985
1374,2023/02/22,02:53,15,341
1375,2023/05/24,14:20,10,298
1376,2023/04/05,19:48,84,678
1377,2023/08/25,05:24,94,260
1378,2023/08/30,06:49,64,268
1379,2023/08/03,00:27,63,886
1380,2023/12/10,03:56,85,917
1381,2023/02/28,17:57,97,738
1382,2023/09/19,16:01,16,539
1383,2023/07/30,20:34,68,615
1384,2023/01/14,10:10,65,184
1385,2023/04/19,05:50,51,650
1386,2023/10/13,21:48,65,488
1387,2023/04/25,14:18,63,307
1388,2023/06/07,13:02,41,455
1389,2023/06/27,00:45,36,438
1390,2023/01/27,19:49,58,82
1391,2023/03/08,10:29,9,212
1392,2023/04/14,02:32,35,521
1393,2023/02/13,15:10,27,189
1394,2023/03/13,02:47,44,223
1395,2023/11/01,08:24,54,382
1396,2023/10/06,04:15,20,303
1397,2023/05/22,01:16,26,63
1398,2023/12/14,15:44,96,739
1399,2024/01/04,10:43,61,582
1400,2023/02/19,08:26,92,503
1401,2023/01/10,05:23,85,757
1402,2023/02/28,08:21,72,796
1403,2023/10/02,12:50,4,871
1404,2023/12/20,19:48,79,684
1405,2023/02/28,11:18,27,376
1406,2023/10/18,08:14,18,612
1407,2023/05/09,17:52,83,924
1408,2023/08/16,15:36,68,883
1409,2023/06/06,01:40,89,706
1410,2023/07/20,11:27,96,416
1411,2023/12/13,22:19,67,903
1412,2023/07/14,14:46,58,993
1413,2023/09/25,17:50,40,334
1414,2023/11/12,19:52,24,606
1415,2023/02/21,06:29,22,951
1416,2023/06/02,17:38,51,261
1417,2023/07/25,11:49,55,23
1418,2023/07/04,20:42,27,913
1419,2023/04/29,10:17,33,124
1420,2023/02/01,14:07,54,208
1421,2023/01/19,18:40,12,729
1422,2023/04/18,21:59,13,715
1423,2023/07/17,06:42,23,807
1424,2023/11/18,08:08,70,940
1425,2023/09/18,21:58,38,449
1426,2023/02/21,05:28,29,712
1427,2023/04/10,15:16,13,7
1428,2024/01/02,20:09,83,581
1429,2023/03/20,04:54,56,500
1430,2023/12/20,20:50,69,609
1431,2023/10/04,12:13,37,688
1432,2023/08/11,20:22,35,120
1433,2023/07/08,23:43,50,937
1434,2023/11/21,23:32,75,952
1435,2023/04/20,07:15,34,808
1436,2023/01/14,02:47,97,834
1437,2023/02/16,12:29,85,848
1438,2023/08/12,04:27,26,959
1439,2023/04/07,04:15,95,847
1440,2023/07/12,20:25,32,776
1441,2023/02/07,05:34,50,527
1442,2023/03/13,12:54,40,249
1443,2023/02/07,13:21,93,532
1444,2023/06/05,13:55,10,814
1445,2023/12/06,16:18,91,793
1446,2023/01/29,16:51,90,461
1447,2023/10/08,07:00,65,74
1448,2023/01/16,14:26,98,214
1449,2023/04/17,19:56,3,897
1450,2023/10/31,21:14,86,384
1451,2023/09/10,21:48,10,372
1452,2023/03/14,13:01,2,58
1453,2023/05/15,09:51,32,445
1454,2023/05/24,06:20,72,29
1455,2023/12/02,23:24,28,999
1456,2023/10/29,15:36,96,540
1457,2023/03/07,13:35,71,850
1458,2023/10/09,22:17,20,490
1459,2023/10/05,22:24,35,390
1460,2023/02/06,07:03,22,599
1461,2023/02/01,19:49,29,825
1462,2023/12/25,00:23,91,201
1463,2023/04/25,09:14,43,705
1464,2023/10/07,02:49,95,91
1465,2023/01/28,12:49,22,172
1466,2023/10/23,06:29,93,256
1467,2023/08/22,07:26,4,117
1468,2023/04/17,07:48,78,78
1469,2023/02/10,17:25,64,616
1470,2023/05/24,18:37,36,245
1471,2023/04/01,21:08,36,10
1472,2023/09/20,18:50,92,315
1473,2023/01/27,09:48,49,186
1474,2023/10/17,23:53,48,556
1475,2023/01/23,04:50,13,312
1476,2023/12/20,23:53,46,591
1477,2023/08/16,03:16,97,329
1478,2023/03/26,13:16,24,493
1479,2023/03/16,06:45,28,482
1480,2023/11/09,19:02,78,564
1481,2023/01/17,09:26,87,509
1482,2024/01/01,12:46,84,295
1483,2023/08/22,10:05,26,862
1484,2023/05/28,11:44,51,669
1485,2023/07/13,21:08,43,50
1486,2023/12/18,12:43,98,343
1487,2023/09/20,20:48,5,173
1488,2023/06/30,20:34,16,808
1489,2023/11/29,02:19,70,945
1490,2023/03/03,07:45,75,118
1491,2023/08/27,13:19,7,944
1492,2023/09/04,09:51,93,179
1493,2023/07/24,14:37,32,195
1494,2023/02/20,23:49,53,479
1495,2023/03/20,06:05,12,371
1496,2023/05/18,13:25,19,248
1497,2023/11/04,02:39,60,863
1498,2023/04/03,10:31,42,821
1499,2024/01/03,15:44,77,209
1500,2023/08/20,00:06,77,161
1501,2023/12/01,06:38,48,49
1502,2023/02/08,20:20,82,943
1503,2023/07/18,19:28,38,942
1504,2023/03/25,22:10,66,280
1505,2023/02/11,03:03,27,266
1506,2023/12/18,07:22,14,526
1507,2023/11/04,23:02,1,698
1508,2023/06/17,07:32,39,478
1509,2023/12/01,18:54,21,108
1510,2023/06/09,03:51,53,182
1511,2023/03/26,11:39,76,459
1512,2023/06/25,17:24,38,137
1513,2023/02/16,12:09,64,121
1514,2023/04/11,05:41,66,180
1515,2023/04/23,08:52,15,978
1516,2023/12/06,19:58,38,4
1517,2023/01/28,19:23,15,814
1518,2023/04/27,16:34,67,400
1519,2023/10/25,11:05,19,714
1520,2023/03/24,07:18,55,495
1521,2023/07/13,09:49,44,695
1522,2023/02/10,08:41,33,646
1523,2023/09/28,02:54,81,367
1524,2023/07/15,12:23,64,726
1525,2023/10/08,02:05,12,11
1526,2023/03/05,07:18,52,640
1527,2023/03/21,04:47,73,376
1528,2023/11/24,05:02,26,84
1529,2023/04/07,12:30,30,666
1530,2023/09/09,10:24,50,832
1531,2023/12/30,06:29,64,432
1532,2023/04/11,01:19,84,426
1533,2023/02/02,16:01,23,948
1534,2023/05/08,18:19,95,979
1535,2023/05/22,12:05,97,437
1536,2023/04/26,14:27,9,222
1537,2023/09/05,12:07,2,126
1538,2023/09/29,02:46,4,77
1539,2023/01/21,20:53,37,999
1540,2023/11/16,07:17,94,183
1541,2023/09/25,19:25,11,455
1542,2023/05/08,15:50,66,61
1543,2023/01/08,22:27,80,171
1544,2023/02/04,08:01,86,263
1545,2023/06/05,01:45,62,876
1546,2023/02/09,18:48,16,887
1547,2023/11/12,07:10,5,751
1548,2023/08/17,21:17,67,818
1549,2023/08/12,13:23,33,6
1550,2023/05/10,08:36,48,643
1551,2023/07/23,10:12,28,138
1552,2023/04/05,20:38,74,884
1553,2023/06/30,08:48,65,810
1554,2023/06/20,02:18,89,176
1555,2023/08/13,02:26,95,746
1556,2023/03/25,18:36,39,159
1557,2023/03/28,07:21,58,840
1558,2023/03/07,06:54,74,995
1559,2023/12/26,04:30,38,17
1560,2023/10/17,23:18,73,189
1561,2023/04/13,20:08,99,250
1562,2023/10/27,21:46,13,987
1563,2023/01/17,16:05,84,83
1564,2023/12/07,05:15,38,445
1565,2023/02/23,17:49,29,271
1566,2023/08/09,23:46,78,992
1567,2023/05/19,17:22,26,317
1568,2023/11/07,11:22,72,822
1569,2023/09/05,08:07,58,667
1570,2023/12/14,08:23,39,169
1571,2023/12/08,17:00,94,546
1572,2023/07/15,11:46,16,554
1573,2023/10/30,13:07,57,742
1574,2023/11/27,15:24,58,409
1575,2023/04/29,02:55,12,507
1576,2023/07/01,03:00,2,216
1577,2023/02/16,17:37,68,136
1578,2023/12/26,01:34,84,443
1579,2023/04/03,08:48,12,364
1580,2023/04/28,20:44,28,684
1581,2023/08/08,07:27,14,64
1582,2023/07/29,04:48,86,964
1583,2023/05/13,00:49,80,3
1584,2023/01/25,08:54,46,177
1585,2023/03/08,01:19,88,868
1586,2023/06/04,15:35,2,750
1587,2023/10/22,04:18,82,290
1588,2023/09/03,23:04,80,5
1589,2023/12/28,21:03,90,299
1590,2024/01/06,04:55,54,740
1591,2023/08/02,08:46,48,304
1592,2023/09/25,16:35,68,967
1593,2023/05/15,09:54,16,529
1594,2023/11/17,04:41,27,125
1595,2023/02/27,08:11,15,885
1596,2023/08/28,02:08,91,279
1597,2023/11/20,19:52,67,246
1598,2023/05/21,23:44,81,923
1599,2023/02/10,16:23,39,716
1600,2023/11/13,02:08,74,157
1601,2023/11/23,00:48,54,528
1602,2023/06/18,17:26,47,989
1603,2023/03/18,07:07,88,635
1604,2023/04/15,16:16,75,174
1605,2023/06/06,07:06,87,204
1606,2023/08/30,02:32,5,550
1607,2023/10/06,20:42,80,419
1608,2023/08/28,11:58,65,32
1609,2023/06/22,01:33,98,694
1610,2023/07/19,13:02,62,766
1611,2023/04/10,01:24,86,780
1612,2023/12/16,07:36,3,420
1613,2023/01/29,08:30,2,435
1614,2024/01/07,11:33,96,414
1615,2023/10/15,02:24,50,105
1616,2023/04/28,02:00,76,373
1617,2023/06/04,06:28,82,548
1618,2023/09/19,07:44,44,415
1619,2023/05/09,02:29,37,123
1620,2023/07/14,20:52,9,927
1621,2023/12/30,09:10,30,130
1622,2023/12/13,07:32,2,914
1623,2023/11/23,05:23,21,897
1624,2023/04/07,11:24,98,194
1625,2023/02/21,14:22,65,898
1626,2023/12/04,08:35,45,399
1627,2023/03/02,21:25,7,763
1628,2023/11/15,12:30,90,145
1629,2023/11/20,15:50,10,70
1630,2023/04/21,00:28,65,909
1631,2023/05/05,20:03,84,831
1632,2023/09/26,10:59,85,899
1633,2023/10/04,07:58,52,357
1634,2023/01/14,00:00,81,259
1635,2023/03/08,12:16,98,383
1636,2023/12/12,20:27,3,767
1637,2023/11/21,18:33,67,16
1638,2023/11/29,05:58,78,473
1639,2023/06/05,17:35,82,396
1640,2023/12/05,19:03,73,133
1641,2023/08/30,20:23,30,456
1642,2023/09/03,20:03,69,261
1643,2023/02/21,19:21,84,489
1644,2023/11/06,09:30,32,660
1645,2023/07/09,19:11,76,962
1646,2023/01/24,14:07,73,702
1647,2023/07/07,06:25,19,54
1648,2023/02/26,03:36,49,525
1649,2023/11/27,22:56,55,247
1650,2023/03/28,07:58,7,502
1651,2023/11/19,06:09,99,321
1652,2023/03/20,11:11,65,969
1653,2023/04/15,22:18,40,70
1654,2023/08/24,23:26,74,210
1655,2023/10/20,11:40,23,838
1656,2023/07/11,01:02,100,595
1657,2023/03/11,03:16,27,933
1658,2023/01/15,23:42,17,861
1659,2023/04/26,11:57,81,965
1660,2023/01/29,11:48,95,756
1661,2023/03/29,00:19,42,723
1662,2023/10/20,13:49,54,920
1663,2023/10/25,09:51,12,580
1664,2023/09/30,03:26,31,857
1665,2023/07/07,09:14,1,152
1666,2023/10/27,20:00,54,584
1667,2023/01/13,11:43,47,691
1668,2023/07/06,10:59,5,194
1669,2023/08/24,21:19,100,839
1670,2023/05/21,19:53,63,902
1671,2023/12/27,18:11,89,475
1672,2023/07/01,16:53,67,321
1673,2023/10/03,11:30,58,237
1674,2023/12/30,05:55,35,94
1675,2023/03/17,04:57,76,373
1676,2023/11/25,06:02,92,197
1677,2023/05/03,16:12,46,675
1678,2023/08/23,07:41,62,244
1679,2023/06/17,16:49,46,774
1680,2023/04/14,07:49,14,866
1681,2023/12/26,01:48,39,417
1682,2023/02/27,21:34,13,592
1683,2023/03/25,09:39,9,50
1684,2023/02/24,06:31,46,80
1685,2023/11/09,13:40,88,700
1686,2023/09/14,19:58,56,765
1687,2023/08/02,04:27,75,877
1688,2023/04/22,06:15,95,101
1689,2023/10/20,14:57,8,34
1690,2024/01/02,07:44,47,615
1691,2023/06/03,00:07,89,647
1692,2023/09/11,19:58,70,625
1693,2023/03/17,01:35,89,690
1694,2023/10/09,03:47,13,220
1695,2023/04/28,05:04,80,962
1696,2023/03/19,19:18,86,580
1697,2023/06/12,15:58,16,363
1698,2023/03/11,13:03,86,517
1699,2023/10/31,18:33,62,88
1700,2023/11/03,19:15,100,970
1701,2023/11/26,13:17,17,48
1702,2023/06/24,11:33,86,3
1703,2023/11/20,13:34,26,104
1704,2023/04/09,09:10,83,602
1705,2023/01/24,10:24,99,759
1706,2023/12/10,17:23,54,994
1707,2023/02/23,14:23,28,163
1708,2023/05/12,02:32,71,874
1709,2023/07/23,04:49,88,772
1710,2023/03/20,08:14,89,963
1711,2023/02/21,06:42,79,831
1712,2023/05/01,18:15,79,904
1713,2023/01/25,22:54,100,356
1714,2023/11/13,22:32,4,332
1715,2023/08/21,19:58,68,762
1716,2023/10/21,11:14,69,65
1717,2023/09/28,22:43,25,866
1718,2023/10/03,11:19,54,712
1719,2023/05/20,19:11,66,564
1720,2023/09/03,18:17,68,312
1721,2024/01/05,00:46,71,682
1722,2023/11/14,16:14,1,693
1723,2023/07/10,12:11,81,308
1724,2023/08/23,03:31,25,119
1725,2023/04/26,02:33,30,348
1726,2023/02/18,05:50,77,293
1727,2023/04/16,18:25,50,474
1728,2023/09/30,22:53,30,8
1729,2023/09/26,03:18,64,115
1730,2023/05/25,00:30,18,425
1731,2023/02/25,05:05,24,961
1732,2023/05/23,15:54,53,308
1733,2023/04/04,23:57,50,828
1734,2023/11/18,06:33,26,451
1735,2023/06/29,01:21,40,642
1736,2023/09/22,22:13,12,1000
1737,2023/07/28,09:07,27,923
1738,2023/10/31,07:13,45,353
1739,2023/10/29,15:43,56,869
1740,2023/07/28,01:17,32,874
1741,2023/03/28,09:21,56,340
1742,2023/02/18,05:45,25,822
1743,2023/02/15,13:04,93,120
1744,2023/04/24,21:25,97,890
1745,2023/01/19,03:24,77,919
1746,2023/09/30,06:11,28,147
1747,2023/07/07,17:45,5,747
1748,2023/12/31,03:13,36,199
1749,2023/05/24,18:06,26,424
1750,2023/09/16,18:11,59,325
1751,2023/10/31,09:16,11,92
1752,2023/04/20,07:40,28,416
1753,2023/06/29,05:00,74,361
1754,2023/04/12,02:18,35,761
1755,2023/03/06,22:42,85,66
1756,2023/01/10,23:14,28,820
1757,2023/08/22,16:51,46,291
1758,2023/11/11,09:53,14,75
1759,2023/05/25,18:56,66,500
1760,2023/04/04,17:19,6,96
1761,2023/08/06,06:31,5,539
1762,2023/08/30,06:10,10,458
1763,2023/11/23,09:01,96,881
1764,2023/06/06,02:10,95,327
1765,2023/10/18,01:51,9,402
1766,2023/01/27,02:00,59,485
1767,2023/02/19,19:22,76,657
1768,2023/09/06,11:41,45,979
1769,2023/12/11,19:41,56,791
1770,2024/01/07,03:31,83,700
1771,2023/04/25,19:14,60,99
1772,2023/09/07,12:42,10,695
1773,2023/08/26,12:12,85,996
1774,2023/12/23,04:07,97,280
1775,2023/03/24,08:36,30,530
1776,2023/10/24,10:36,18,253
1777,2023/11/18,15:36,93,856
1778,2023/08/07,12:39,55,872
1779,2023/10/24,08:23,29,464
1780,2023/02/22,12:15,74,484
1781,2024/01/07,09:23,40,799
1782,2023/06/08,12:01,6,629
1783,2023/03/27,14:33,94,770
1784,2023/06/20,09:14,94,613
1785,2023/02/06,18:51,15,609
1786,2023/09/11,03:07,95,875
1787,2023/03/13,00:22,16,286
1788,2023/08/06,21:54,100,5
1789,2023/12/08,00:53,91,138
1790,2023/07/28,03:10,93,89
1791,2023/10/01,21:10,62,305
1792,2023/09/16,05:53,69,728
1793,2023/01/21,12:09,14,873
1794,2023/11/21,00:59,65,905
1795,2023/02/14,17:54,29,211
1796,2023/08/29,11:55,20,566
1797,2023/06/01,08:51,84,254
1798,2023/12/26,04:15,51,489
1799,2023/03/14,12:45,62,193
1800,2023/08/27,17:12,41,7
1801,2023/05/05,00:45,82,101
1802,2023/11/18,13:02,71,458
1803,2023/05/14,18:23,52,102
1804,2023/05/30,02:23,93,604
1805,2023/02/11,00:27,19,845
1806,2023/02/07,20:06,97,768
1807,2023/04/19,14:38,15,605
1808,2023/04/15,07:49,55,545
1809,2023/12/27,08:51,20,902
1810,2023/05/15,20:20,73,777
1811,2023/07/19,15:24,100,22
1812,2023/11/10,12:16,29,717
1813,2023/12/28,04:01,73,947
1814,2023/02/24,07:33,48,31
1815,2023/11/12,11:00,34,47
1816,2023/06/23,11:21,78,350
1817,2023/08/20,08:42,50,61
1818,2023/04/23,07:28,77,490
1819,2023/11/27,11:09,93,544
1820,2023/01/28,08:40,78,857
1821,2023/03/14,14:15,100,582
1822,2023/03/18,22:51,88,984
1823,2023/03/07,17:31,30,894
1824,2023/08/05,06:34,6,74
1825,2023/08/07,21:18,25,781
1826,2023/05/08,13:37,77,555
1827,2023/03/15,15:52,53,274
1828,2023/07/10,14:38,32,237
1829,2023/03/08,13:07,22,705
1830,2023/07/23,01:48,84,720
1831,2023/01/22,06:10,48,139
1832,2023/09/15,04:14,20,467
1833,2023/10/14,16:15,55,35
1834,2023/12/19,12:15,19,759
1835,2023/08/29,10:08,91,468
1836,2023/12/25,06:37,94,900
1837,2023/10/11,20:00,82,351
1838,2023/03/04,16:34,39,67
1839,2023/05/18,17:29,79,374
1840,2023/10/07,16:10,42,534
1841,2023/12/24,04:32,56,719
1842,2023/10/21,15:30,54,882
1843,2023/04/18,08:18,77,844
1844,2023/03/05,18:49,67,115
1845,2023/06/08,05:00,70,42
1846,2023/07/15,09:19,29,413
1847,2023/03/01,17:22,43,912
1848,2023/11/04,19:05,63,315
1849,2023/10/05,12:38,32,72
1850,2023/11/01,18:45,3,323
1851,2023/10/22,18:25,95,796
1852,2023/08/19,07:24,59,454
1853,2023/12/12,13:48,72,63
1854,2023/01/24,02:10,19,745
1855,2023/04/30,04:10,10,405
1856,2023/05/23,09:42,92,573
1857,2023/10/10,11:26,11,242
1858,2023/02/27,21:20,85,238
1859,2023/08/20,01:17,58,345
1860,2023/08/16,13:47,95,251
1861,2023/02/15,07:09,26,278
1862,2023/01/31,15:51,59,813
1863,2023/06/11,23:58,1,442
1864,2023/09/18,06:11,4,558
1865,2023/03/03,13:33,62,743
1866,2023/11/10,06:00,2,927
1867,2023/12/20,05:41,6,73
1868,2023/05/29,18:06,1,366
1869,2023/12/24,10:08,43,86
1870,2023/03/11,08:23,42,552
1871,2023/09/17,11:28,22,338
1872,2023/02/01,16:36,47,753
1873,2023/05/19,14:00,77,113
1874,2023/07/31,16:08,13,698
1875,2023/03/13,13:15,45,191
1876,2023/08/08,12:57,96,354
1877,2023/12/10,00:18,27,973
1878,2023/08/26,09:16,39,497
1879,2023/07/28,09:19,2,977
1880,2023/10/05,21:29,46,401
1881,2023/08/19,17:29,62,541
1882,2023/09/11,11:08,92,486
1883,2023/06/14,16:58,47,932
1884,2023/03/13,00:32,80,297
1885,2023/08/01,14:47,71,496
1886,2023/10/21,08:30,3,79
1887,2023/12/13,07:31,82,764
1888,2023/03/05,13:56,33,57
1889,2023/08/11,04:11,8,414
1890,2023/03/24,18:41,100,80
1891,2023/06/02,15:04,58,794
1892,2023/12/06,21:00,64,385
1893,2023/11/25,00:44,21,463
1894,2023/02/08,03:36,33,883
1895,2023/08/26,11:51,73,98
1896,2023/04/21,19:08,90,352
1897,2023/05/28,13:16,12,487
1898,2023/12/20,16:21,93,394
1899,2023/04/30,16:38,29,349
1900,2023/11/12,18:52,49,476
1901,2023/08/07,07:59,52,426
1902,2023/11/21,01:12,43,71
1903,2023/09/23,03:19,74,149
1904,2023/10/26,13:55,92,590
1905,2023/03/17,05:38,70,333
1906,2023/08/28,12:32,84,43
1907,2023/04/25,09:59,87,611
1908,2023/04/09,13:53,84,141
1909,2023/12/17,17:44,36,542
1910,2023/06/05,01:17,50,562
1911,2023/10/02,10:09,36,30
1912,2023/12/21,04:53,21,821
1913,2023/06/17,21:20,64,453
1914,2023/09/07,06:59,12,407
1915,2023/09/27,02:30,24,577
1916,2023/03/17,06:07,67,344
1917,2023/02/09,00:57,81,783
1918,2023/08/14,16:19,16,650
1919,2023/04/15,20:33,90,503
1920,2023/12/10,12:44,65,302
1921,2023/10/16,04:07,37,694
1922,2023/07/18,23:08,45,554
1923,2023/06/25,23:24,98,889
1924,2023/09/01,19:56,49,198
1925,2023/12/15,07:32,58,67
1926,2024/01/02,16:42,12,639
1927,2023/04/06,00:31,9,511
1928,2023/03/06,03:26,86,971
1929,2023/03/15,23:47,34,288
1930,2023/11/30,05:41,7,599
1931,2023/01/08,22:27,72,236
1932,2023/08/17,12:09,88,685
1933,2023/07/16,04:45,50,677
1934,2023/08/27,21:06,10,448
1935,2023/11/26,14:59,96,135
1936,2023/06/01,21:10,82,604
1937,2023/05/17,15:33,94,465
1938,2023/12/07,11:10,49,173
1939,2023/10/19,14:02,28,57
1940,2023/03/07,19:23,19,41
1941,2023/01/24,15:00,79,765
1942,2023/04/10,19:12,46,690
1943,2023/12/27,00:43,78,855
1944,2023/08/10,18:22,74,771
1945,2023/03/14,16:35,27,25
1946,2023/04/29,12:14,17,114
1947,2023/09/10,04:53,26,123
1948,2023/10/26,09:21,61,689
1949,2023/05/18,06:30,86,33
1950,2023/08/06,12:00,90,442
1951,2023/08/16,07:07,50,562
1952,2023/01/15,04:00,54,479
1953,2023/11/18,23:32,80,32
1954,2023/05/16,21:04,21,285
1955,2023/08/30,19:44,67,188
1956,2023/03/05,13:01,43,44
1957,2023/04/05,12:34,68,666
1958,2024/01/07,20:36,45,258
1959,2023/10/12,06:03,31,267
1960,2023/09/15,01:11,52,673
1961,2023/12/30,11:19,71,689
1962,2023/09/17,07:32,2,494
1963,2024/01/03,22:15,99,709
1964,2023/11/19,02:58,73,18
1965,2023/07/25,15:49,18,642
1966,2023/01/17,23:15,78,144
1967,2023/09/20,20:10,47,19
1968,2023/07/19,06:52,81,54
1969,2024/01/06,17:32,81,654
1970,2023/09/17,07:42,26,717
1971,2023/12/12,06:51,29,862
1972,2023/01/20,04:02,69,864
1973,2023/03/06,09:38,56,131
1974,2023/01/22,06:01,47,761
1975,2023/12/27,17:35,51,851
1976,2023/02/12,09:23,42,278
1977,2023/05/06,08:36,27,966
1978,2023/03/11,02:51,42,664
1979,2023/12/03,09:09,47,266
1980,2023/12/25,02:43,45,422
1981,2023/09/06,00:34,46,990
1982,2023/08/09,14:26,20,753
1983,2023/07/07,18:46,24,638
1984,2023/07/04,10:45,97,466
1985,2023/08/18,03:04,37,131
1986,2023/08/27,15:42,95,976
1987,2023/07/15,04:12,98,566
1988,2023/05/23,23:09,35,84
1989,2023/05/21,05:07,96,436
1990,2023/01/27,19:46,55,66
1991,2023/06/13,03:17,83,300
1992,2023/05/27,09:13,35,297
1993,2023/12/24,22:57,21,44
1994,2023/01/13,04:09,13,731
1995,2023/12/01,12:37,17,330
1996,2023/12/11,07:54,78,51
1997,2023/11/24,03:23,94,284
1998,2023/11/23,11:11,44,654
1999,2023/02/28,02:30,15,104
2000,2023/09/28,08:20,94,767
