,id,date,time,storeID,customerID
612,1,2023/02/10,5:57 AM,55,613
749,2,2023/08/17,8:20 AM,76,750
892,3,2023/06/02,5:46 AM,96,893
1126,4,2023/09/20,3:28 AM,45,127
823,5,2023/09/13,10:24 AM,3,824
81,6,2023/12/25,8:28 PM,9,82
1202,7,2023/02/04,2:37 PM,76,203
661,8,2023/09/03,1:38 AM,49,662
1398,9,2023/02/22,9:54 AM,57,399
1852,10,2023/11/03,8:11 AM,25,853
1127,11,2023/06/15,3:40 PM,37,128
1423,12,2023/09/23,5:28 PM,61,424
1673,13,2023/12/13,7:12 AM,5,674
1652,14,2023/09/07,11:01 AM,53,653
113,15,2023/09/28,12:27 AM,68,114
0,16,2023/10/05,7:34 AM,57,1
573,17,2023/11/10,2:12 PM,50,574
82,18,2023/10/17,1:05 AM,31,83
1,19,2023/09/05,6:01 PM,34,2
1432,20,2024/01/04,4:19 AM,68,433
139,21,2023/01/23,1:52 AM,39,140
1143,22,2023/03/02,4:21 AM,48,144
1498,23,2023/07/18,11:10 AM,94,499
1319,24,2023/05/18,7:06 PM,43,320
934,25,2023/03/08,12:15 AM,75,935
330,26,2023/01/17,7:58 AM,95,331
247,27,2023/03/30,2:29 AM,74,248
1001,28,2023/08/18,9:04 PM,51,2
1077,29,2023/03/29,8:03 PM,2,78
794,30,2023/10/24,7:58 PM,11,795
231,31,2023/01/13,8:40 PM,23,232
1859,32,2023/10/25,4:47 AM,78,860
1633,33,2023/08/24,11:33 AM,81,634
1647,34,2023/12/13,6:28 PM,25,648
521,35,2023/03/09,1:34 AM,29,522
270,36,2023/02/04,3:06 AM,38,271
1887,37,2023/10/19,4:16 PM,84,888
566,38,2023/07/13,7:31 AM,62,567
405,39,2023/07/28,9:50 AM,55,406
858,40,2023/08/15,12:05 AM,14,859
50,41,2023/05/25,1:48 AM,65,51
754,42,2023/06/20,8:19 AM,61,755
318,43,2023/11/21,10:09 PM,70,319
560,44,2023/06/11,9:22 AM,49,561
706,45,2023/12/26,11:22 PM,100,707
511,46,2023/09/03,12:37 PM,93,512
1483,47,2023/04/12,3:44 PM,29,484
759,48,2023/02/11,1:55 AM,1,760
947,49,2023/08/12,2:17 PM,53,948
847,50,2023/11/27,6:36 PM,48,848
1823,51,2023/06/27,11:14 PM,35,824
1750,52,2023/10/13,1:41 AM,99,751
1643,53,2023/01/20,8:06 PM,12,644
884,54,2023/12/28,7:43 AM,43,885
442,55,2023/10/08,4:34 PM,55,443
904,56,2023/11/09,10:17 AM,77,905
1639,57,2023/03/17,3:35 AM,73,640
1537,58,2023/02/04,7:36 AM,48,538
1007,59,2023/12/12,1:17 PM,41,8
921,60,2023/05/13,9:17 PM,32,922
1169,61,2023/12/25,7:31 PM,72,170
159,62,2023/08/17,5:05 PM,95,160
1054,63,2023/12/06,11:11 AM,6,55
690,64,2023/10/29,7:18 AM,55,691
780,65,2023/10/12,11:51 AM,25,781
841,66,2023/02/01,9:02 AM,66,842
1443,67,2023/07/06,12:45 PM,1,444
1419,68,2023/11/28,9:10 PM,58,420
1403,69,2023/08/07,9:45 AM,16,404
1585,70,2023/12/03,2:00 PM,73,586
946,71,2023/01/10,5:14 AM,6,947
1345,72,2023/11/21,7:51 PM,90,346
1300,73,2023/07/27,4:42 AM,20,301
1292,74,2023/11/26,11:48 PM,93,293
1155,75,2023/04/04,9:52 PM,81,156
345,76,2023/11/27,4:22 AM,48,346
568,77,2023/12/18,11:43 AM,85,569
289,78,2023/05/06,6:46 PM,43,290
227,79,2023/06/05,2:28 AM,54,228
1449,80,2023/03/03,12:27 PM,18,450
571,81,2023/11/17,3:22 AM,51,572
1559,82,2023/07/30,3:22 PM,97,560
474,83,2023/05/22,12:37 PM,16,475
385,84,2023/11/23,9:20 AM,37,386
8,85,2023/01/18,6:13 AM,31,9
1438,86,2023/07/15,9:25 AM,58,439
1564,87,2023/04/27,4:10 AM,88,565
1253,88,2023/04/20,10:32 PM,41,254
1506,89,2023/09/04,11:55 PM,22,507
443,90,2023/04/10,1:56 PM,61,444
1057,91,2024/01/02,2:06 AM,83,58
452,92,2023/11/20,8:20 PM,42,453
1437,93,2023/12/20,6:25 PM,89,438
1099,94,2023/07/06,4:41 AM,26,100
1408,95,2023/04/15,1:24 AM,99,409
895,96,2023/07/21,9:44 AM,38,896
1157,97,2023/09/28,12:36 AM,2,158
1965,98,2023/02/20,10:25 AM,99,966
654,99,2023/04/21,5:04 AM,15,655
1204,100,2023/09/20,6:19 PM,26,205
1008,101,2023/11/30,3:23 PM,1,9
1924,102,2024/01/07,3:39 AM,82,925
1096,103,2023/06/27,11:33 AM,8,97
537,104,2023/08/08,7:42 PM,41,538
1828,105,2023/10/20,8:33 AM,28,829
407,106,2023/01/29,11:42 AM,7,408
657,107,2023/09/23,6:53 AM,39,658
1185,108,2023/08/03,1:31 PM,55,186
184,109,2023/09/05,4:07 AM,50,185
988,110,2023/07/14,1:49 AM,42,989
467,111,2023/11/08,8:18 PM,41,468
1681,112,2023/12/01,9:33 AM,27,682
710,113,2023/07/25,10:58 AM,100,711
151,114,2024/01/06,7:10 PM,22,152
698,115,2023/07/17,7:57 PM,60,699
558,116,2023/04/24,12:23 AM,79,559
1660,117,2023/11/14,7:22 PM,43,661
738,118,2023/05/30,12:13 PM,24,739
1872,119,2023/01/08,2:03 PM,81,873
811,120,2023/04/02,4:40 PM,55,812
1087,121,2023/11/17,10:38 PM,19,88
420,122,2023/12/02,11:41 AM,64,421
717,123,2023/09/12,9:41 AM,80,718
1811,124,2023/10/17,6:16 AM,45,812
321,125,2023/09/10,2:20 AM,9,322
1061,126,2023/12/23,1:06 PM,8,62
1655,127,2023/10/06,4:48 AM,54,656
1977,128,2023/09/26,4:57 PM,86,978
797,129,2023/04/07,1:47 AM,80,798
791,130,2023/07/03,10:57 AM,6,792
522,131,2023/03/29,3:38 AM,41,523
1902,132,2023/08/15,9:47 PM,88,903
230,133,2023/07/11,2:36 PM,62,231
949,134,2023/04/15,7:07 AM,6,950
1632,135,2023/11/09,12:11 PM,59,633
268,136,2023/12/28,12:21 PM,78,269
1736,137,2023/05/15,8:23 PM,19,737
430,138,2023/05/04,8:06 AM,4,431
1712,139,2023/04/25,11:37 AM,70,713
1747,140,2023/09/03,5:24 AM,16,748
931,141,2023/03/12,2:20 PM,24,932
1805,142,2023/07/27,4:07 PM,66,806
1251,143,2023/07/19,3:01 AM,66,252
1191,144,2023/03/06,5:34 PM,66,192
500,145,2023/09/02,3:07 AM,46,501
1799,146,2023/09/27,11:39 AM,57,800
1719,147,2023/02/19,2:21 AM,33,720
1959,148,2023/01/18,5:37 PM,95,960
1800,149,2023/02/12,2:03 AM,34,801
1709,150,2023/06/27,12:14 AM,4,710
852,151,2023/07/31,9:24 PM,87,853
1594,152,2023/05/31,7:10 PM,79,595
652,153,2023/01/10,7:54 PM,59,653
801,154,2023/08/30,10:26 AM,13,802
632,155,2023/07/29,12:16 PM,22,633
1900,156,2023/11/09,7:42 AM,45,901
728,157,2023/04/15,2:07 PM,48,729
363,158,2023/06/05,2:29 PM,62,364
907,159,2023/04/21,12:29 PM,85,908
1336,160,2023/11/12,7:25 PM,63,337
1759,161,2023/03/02,5:02 AM,10,760
700,162,2023/10/04,7:37 AM,65,701
879,163,2024/01/07,9:34 PM,7,880
1090,164,2023/12/16,10:18 AM,44,91
1144,165,2023/03/23,7:12 PM,55,145
204,166,2023/07/20,7:16 PM,70,205
1168,167,2023/08/21,9:07 AM,11,169
974,168,2023/11/29,11:08 PM,16,975
1000,169,2023/07/29,9:19 PM,64,1
1835,170,2023/12/30,12:06 PM,7,836
1685,171,2023/04/08,11:20 PM,20,686
702,172,2023/12/28,12:06 PM,44,703
963,173,2023/03/14,11:33 AM,64,964
334,174,2023/12/02,3:38 AM,47,335
1863,175,2023/06/21,8:41 AM,94,864
1102,176,2023/01/24,3:31 PM,32,103
1497,177,2023/05/27,5:17 PM,40,498
1826,178,2023/01/31,8:48 AM,16,827
1434,179,2023/11/16,1:28 PM,85,435
919,180,2023/04/30,5:18 AM,84,920
45,181,2023/01/22,1:02 AM,91,46
1596,182,2023/12/08,9:02 PM,8,597
404,183,2023/01/08,1:14 PM,13,405
509,184,2023/07/06,8:17 AM,49,510
1281,185,2023/10/31,4:14 AM,86,282
13,186,2023/12/13,5:58 PM,92,14
1064,187,2023/11/30,10:04 AM,11,65
1239,188,2023/06/02,7:53 AM,53,240
1471,189,2023/06/22,10:49 AM,36,472
1551,190,2023/09/09,12:57 AM,23,552
1618,191,2023/06/01,11:46 PM,76,619
645,192,2023/09/19,4:40 AM,35,646
1058,193,2023/08/16,8:18 PM,6,59
310,194,2023/05/29,4:29 PM,74,311
1812,195,2023/11/19,7:48 AM,70,813
1636,196,2023/12/20,3:27 PM,7,637
1350,197,2023/07/14,5:41 PM,13,351
1511,198,2023/05/04,8:11 AM,32,512
1654,199,2023/12/22,12:27 PM,29,655
542,200,2023/08/05,5:47 AM,71,543
1767,201,2023/07/25,11:53 PM,28,768
1735,202,2023/06/22,1:20 PM,46,736
178,203,2023/04/05,6:46 AM,3,179
1541,204,2023/09/27,4:43 AM,85,542
266,205,2023/12/11,3:44 PM,81,267
1507,206,2023/09/28,2:52 PM,53,508
517,207,2023/10/26,11:29 PM,79,518
761,208,2023/03/31,5:33 AM,87,762
900,209,2023/01/29,5:37 AM,92,901
990,210,2023/10/26,1:04 AM,4,991
1339,211,2023/09/21,4:21 PM,12,340
251,212,2023/09/14,9:02 PM,81,252
429,213,2023/02/28,7:24 PM,71,430
1927,214,2023/11/09,1:55 PM,47,928
223,215,2023/11/29,7:53 AM,57,224
1376,216,2023/02/18,11:21 AM,34,377
1341,217,2023/09/02,3:06 PM,49,342
1850,218,2023/08/29,1:14 PM,54,851
1700,219,2023/01/18,12:48 PM,99,701
115,220,2023/01/15,5:39 PM,24,116
384,221,2023/12/25,12:15 AM,44,385
169,222,2023/05/27,2:17 AM,19,170
1532,223,2023/11/29,11:26 AM,24,533
298,224,2023/02/13,10:14 PM,14,299
1616,225,2023/08/30,10:56 PM,57,617
832,226,2023/08/12,9:32 PM,10,833
512,227,2023/07/09,9:40 AM,9,513
432,228,2023/09/05,12:12 AM,35,433
1180,229,2023/12/16,2:25 PM,52,181
1778,230,2023/10/13,2:52 PM,77,779
272,231,2023/05/10,2:31 PM,88,273
1477,232,2023/02/07,10:11 PM,80,478
1018,233,2023/12/26,11:03 PM,81,19
1743,234,2023/10/25,1:12 PM,17,744
1955,235,2024/01/07,8:45 PM,77,956
1611,236,2023/02/06,6:25 AM,11,612
1789,237,2023/06/29,1:49 PM,100,790
636,238,2023/07/03,8:24 AM,1,637
361,239,2023/01/11,4:02 PM,95,362
155,240,2023/12/17,11:54 AM,95,156
1393,241,2023/08/12,12:50 PM,66,394
1724,242,2023/02/03,8:01 PM,43,725
640,243,2023/05/18,8:49 AM,60,641
682,244,2023/03/24,2:33 AM,51,683
1661,245,2023/04/01,11:10 PM,21,662
1315,246,2023/07/03,12:53 AM,83,316
1461,247,2023/11/07,5:06 AM,30,462
1313,248,2023/11/20,1:36 AM,6,314
1640,249,2023/08/02,5:30 PM,54,641
207,250,2023/12/05,11:28 AM,54,208
1903,251,2023/01/23,4:55 AM,78,904
787,252,2023/06/24,10:59 AM,12,788
601,253,2023/06/11,6:22 AM,88,602
1797,254,2023/06/24,4:36 PM,76,798
59,255,2023/12/12,11:52 PM,64,60
586,256,2023/05/31,12:04 AM,7,587
1308,257,2023/08/21,1:07 AM,95,309
1914,258,2023/09/17,5:06 AM,42,915
917,259,2023/12/06,4:01 PM,65,918
1256,260,2023/03/29,6:29 PM,40,257
254,261,2023/09/20,8:26 AM,10,255
1309,262,2023/06/12,1:04 PM,16,310
1513,263,2023/04/15,8:40 PM,17,514
433,264,2023/09/03,12:27 AM,19,434
150,265,2023/03/27,7:48 PM,51,151
275,266,2023/07/13,10:23 PM,39,276
196,267,2023/01/23,12:05 AM,44,197
779,268,2023/03/01,8:21 PM,16,780
1070,269,2023/11/01,9:29 AM,92,71
38,270,2023/05/27,3:54 PM,61,39
1235,271,2023/01/08,5:23 AM,61,236
855,272,2023/09/26,5:26 AM,47,856
238,273,2023/03/25,5:00 PM,49,239
1777,274,2023/03/03,5:38 AM,52,778
985,275,2023/10/29,11:24 AM,24,986
1184,276,2023/01/23,10:27 PM,17,185
983,277,2023/05/24,6:49 PM,8,984
757,278,2023/09/21,6:25 AM,33,758
1586,279,2023/03/19,6:43 AM,91,587
1410,280,2023/06/11,4:45 AM,51,411
1897,281,2023/04/05,9:24 PM,37,898
875,282,2023/03/21,11:35 AM,58,876
1426,283,2023/02/13,8:03 AM,77,427
987,284,2024/01/06,4:31 AM,77,988
935,285,2023/03/14,2:10 PM,59,936
1429,286,2023/02/18,4:31 AM,71,430
315,287,2023/05/10,7:02 PM,75,316
1451,288,2023/04/12,1:29 AM,94,452
1035,289,2023/12/29,7:14 AM,93,36
592,290,2023/05/20,12:21 PM,35,593
864,291,2023/03/25,10:52 AM,78,865
1637,292,2023/01/15,2:56 PM,32,638
186,293,2023/03/12,1:45 PM,89,187
1369,294,2023/05/18,11:12 AM,25,370
1219,295,2023/12/28,5:17 AM,23,220
1710,296,2023/02/26,3:31 AM,87,711
37,297,2023/11/11,5:05 AM,42,38
628,298,2023/11/12,11:47 PM,20,629
617,299,2023/10/22,1:43 PM,46,618
840,300,2023/06/22,9:03 PM,64,841
16,301,2023/05/20,1:30 PM,92,17
518,302,2023/10/05,12:30 AM,9,519
1346,303,2023/10/30,6:59 PM,44,347
177,304,2023/03/08,10:47 AM,57,178
912,305,2023/06/24,8:30 AM,28,913
1373,306,2023/12/10,3:06 PM,2,374
778,307,2023/01/30,3:24 PM,79,779
618,308,2023/12/10,1:23 AM,77,619
532,309,2023/11/05,3:17 PM,1,533
1098,310,2023/03/31,6:29 PM,40,99
1857,311,2023/08/11,2:54 AM,40,858
1420,312,2023/06/07,12:55 AM,51,421
51,313,2023/07/20,3:28 PM,39,52
597,314,2023/04/06,3:45 AM,75,598
1794,315,2023/05/19,7:29 PM,83,795
299,316,2023/04/28,3:18 AM,63,300
772,317,2023/05/16,2:56 AM,96,773
1791,318,2023/04/29,11:15 AM,65,792
1853,319,2023/03/19,8:46 PM,9,854
1342,320,2023/05/30,4:37 AM,69,343
283,321,2023/09/15,6:25 PM,86,284
1405,322,2023/09/05,6:22 PM,38,406
1573,323,2023/09/22,5:12 PM,69,574
1446,324,2023/03/08,10:18 AM,82,447
1120,325,2023/06/11,6:00 AM,38,121
1815,326,2023/08/30,8:18 PM,21,816
1617,327,2023/09/15,9:10 PM,39,618
1482,328,2023/07/07,10:33 AM,59,483
1503,329,2023/11/15,8:47 AM,13,504
458,330,2023/06/06,4:32 AM,6,459
1484,331,2023/04/22,6:48 PM,81,485
461,332,2023/09/07,4:51 AM,77,462
1229,333,2023/02/17,7:45 PM,70,230
952,334,2023/03/03,10:53 AM,61,953
995,335,2023/05/11,1:43 AM,50,996
793,336,2023/09/28,7:03 AM,36,794
1011,337,2023/10/29,3:54 PM,74,12
883,338,2023/07/25,9:09 PM,23,884
1954,339,2023/03/07,3:10 AM,30,955
616,340,2023/12/28,1:39 PM,38,617
55,341,2023/07/30,9:55 AM,65,56
397,342,2023/12/01,3:52 PM,64,398
1358,343,2023/06/17,2:16 PM,49,359
1301,344,2023/08/10,1:44 AM,78,302
1068,345,2023/09/08,11:06 PM,47,69
1987,346,2023/05/30,5:07 PM,61,988
1871,347,2023/03/14,4:36 PM,22,872
1684,348,2023/10/17,11:04 PM,38,685
800,349,2023/08/08,5:15 AM,69,801
305,350,2023/07/16,3:36 AM,76,306
745,351,2023/02/28,10:10 PM,100,746
1334,352,2023/11/16,4:18 PM,97,335
1025,353,2023/06/29,8:47 PM,11,26
1032,354,2024/01/01,9:31 PM,10,33
1201,355,2023/10/10,7:03 AM,17,202
1131,356,2023/01/14,9:43 PM,96,132
676,357,2023/06/04,5:32 AM,22,677
1981,358,2023/12/12,6:40 PM,43,982
712,359,2023/11/29,10:59 PM,45,713
19,360,2023/11/14,5:59 AM,15,20
866,361,2023/12/10,2:59 PM,1,867
1327,362,2023/04/09,2:19 AM,45,328
1894,363,2023/02/14,8:31 AM,76,895
1701,364,2023/02/12,10:10 PM,24,702
1732,365,2023/02/10,11:09 AM,23,733
1059,366,2023/07/18,12:50 PM,64,60
999,367,2023/07/15,10:18 PM,73,1000
582,368,2023/05/18,12:34 PM,34,583
1868,369,2023/01/27,7:14 PM,74,869
643,370,2023/10/28,7:02 AM,10,644
293,371,2023/02/09,12:39 PM,71,294
25,372,2023/05/11,4:08 AM,45,26
1898,373,2023/05/20,8:57 AM,17,899
105,374,2023/04/10,5:40 AM,21,106
1610,375,2023/03/08,9:11 PM,32,611
650,376,2023/11/04,10:13 PM,100,651
705,377,2023/12/14,8:38 AM,30,706
378,378,2023/08/26,6:46 PM,70,379
835,379,2023/11/28,2:19 PM,71,836
1920,380,2023/01/31,8:03 AM,32,921
893,381,2023/10/09,1:06 PM,87,894
367,382,2023/03/14,3:38 PM,23,368
834,383,2023/11/11,4:02 AM,77,835
1095,384,2023/07/08,11:49 AM,56,96
667,385,2023/09/01,5:28 AM,9,668
1773,386,2023/01/21,4:26 PM,4,774
1876,387,2023/10/10,9:25 PM,61,877
1679,388,2023/01/26,4:00 PM,8,680
1268,389,2023/03/16,6:50 PM,60,269
1189,390,2023/06/09,6:51 AM,86,190
1930,391,2023/01/20,3:26 PM,11,931
1867,392,2023/12/13,10:11 AM,58,868
1935,393,2023/05/23,6:07 PM,56,936
815,394,2023/02/02,12:59 AM,47,816
1536,395,2023/08/21,7:20 PM,52,537
1156,396,2023/01/14,3:41 AM,77,157
1934,397,2023/03/02,10:55 AM,80,935
1582,398,2023/12/25,4:36 AM,91,583
152,399,2023/05/26,9:49 AM,71,153
360,400,2023/03/17,4:10 AM,17,361
400,401,2023/10/24,9:30 AM,74,401
54,402,2023/09/12,11:40 PM,17,55
1569,403,2023/09/12,1:39 AM,89,570
412,404,2023/08/04,10:00 AM,54,413
1440,405,2023/10/09,6:17 PM,47,441
1620,406,2023/04/29,10:25 AM,18,621
1014,407,2023/10/14,3:34 PM,15,15
191,408,2023/07/30,1:43 PM,27,192
1386,409,2023/09/01,9:41 AM,1,387
1352,410,2023/01/29,10:38 AM,23,353
1776,411,2023/09/02,4:51 AM,58,777
85,412,2023/08/15,3:01 AM,21,86
1411,413,2023/01/19,8:20 PM,43,412
481,414,2023/12/12,5:26 AM,54,482
1706,415,2023/07/29,2:58 PM,24,707
562,416,2023/07/09,9:36 AM,1,563
1566,417,2023/09/03,8:55 AM,49,567
1351,418,2023/07/09,11:28 AM,45,352
1190,419,2023/09/04,5:12 AM,71,191
954,420,2023/12/29,12:22 AM,23,955
497,421,2023/08/17,6:09 AM,60,498
732,422,2023/05/06,9:44 AM,26,733
1656,423,2023/04/20,12:59 PM,42,657
1067,424,2023/07/07,5:12 AM,6,68
192,425,2023/06/05,11:18 PM,60,193
1160,426,2023/07/19,5:53 PM,13,161
666,427,2023/03/16,3:49 AM,43,667
887,428,2023/11/16,10:11 AM,59,888
1500,429,2023/08/21,11:16 AM,48,501
1723,430,2023/03/17,4:40 AM,49,724
34,431,2023/01/20,7:36 AM,73,35
382,432,2023/02/03,3:26 PM,22,383
1294,433,2023/03/15,7:22 PM,52,295
1051,434,2023/11/21,10:57 PM,27,52
1409,435,2023/10/27,6:12 PM,71,410
836,436,2023/05/08,12:23 AM,48,837
468,437,2023/01/18,1:43 AM,74,469
996,438,2023/12/27,7:15 AM,23,997
937,439,2023/10/30,11:22 AM,41,938
448,440,2023/08/15,6:03 PM,32,449
1417,441,2023/05/25,4:08 PM,83,418
392,442,2023/12/09,9:47 PM,75,393
449,443,2023/08/29,5:31 AM,39,450
1588,444,2023/02/26,7:36 PM,7,589
569,445,2023/07/17,10:58 PM,61,570
930,446,2023/04/12,6:35 PM,18,931
403,447,2023/10/29,7:39 PM,40,404
928,448,2023/07/26,1:53 PM,4,929
768,449,2023/01/17,9:19 AM,6,769
1459,450,2023/11/18,7:38 AM,42,460
514,451,2023/09/05,7:10 PM,12,515
1707,452,2023/06/23,1:32 PM,28,708
1264,453,2024/01/04,9:58 PM,76,265
1781,454,2023/10/14,4:02 AM,85,782
740,455,2023/11/22,10:13 AM,35,741
1784,456,2023/10/06,10:18 AM,73,785
550,457,2024/01/03,4:31 PM,91,551
789,458,2023/09/20,3:16 PM,67,790
369,459,2023/04/06,9:31 PM,87,370
662,460,2023/02/18,12:53 PM,1,663
1177,461,2023/12/08,3:23 PM,77,178
1939,462,2023/04/04,2:22 PM,95,940
944,463,2023/08/10,2:20 AM,23,945
1401,464,2023/03/14,10:45 AM,7,402
833,465,2023/06/30,8:01 PM,98,834
491,466,2023/12/18,3:15 AM,14,492
825,467,2023/08/24,11:02 PM,55,826
1921,468,2023/02/18,1:37 PM,76,922
20,469,2023/03/07,5:26 AM,24,21
878,470,2023/04/14,1:40 PM,36,879
1158,471,2023/10/25,12:56 AM,82,159
476,472,2023/01/28,2:13 PM,36,477
1166,473,2023/02/17,4:19 PM,4,167
1880,474,2023/01/30,4:03 PM,72,881
806,475,2023/02/15,10:04 PM,61,807
507,476,2023/12/23,11:08 PM,44,508
379,477,2023/02/15,8:59 PM,85,380
956,478,2023/09/18,9:10 PM,15,957
389,479,2023/08/02,9:39 PM,9,390
959,480,2023/09/20,2:37 AM,59,960
1220,481,2023/11/22,6:24 AM,47,221
508,482,2023/03/22,1:03 PM,5,509
822,483,2023/12/05,1:02 PM,39,823
567,484,2023/12/11,2:39 AM,27,568
1428,485,2023/05/15,10:00 PM,82,429
770,486,2023/11/14,2:38 AM,86,771
622,487,2023/07/09,9:15 PM,96,623
1218,488,2023/11/03,7:50 PM,5,219
1885,489,2023/10/09,9:38 AM,28,886
1135,490,2023/10/09,1:16 AM,75,136
308,491,2023/08/06,9:56 AM,7,309
625,492,2023/05/26,9:50 AM,92,626
75,493,2023/02/03,3:00 AM,12,76
857,494,2023/07/25,4:25 PM,83,858
989,495,2023/03/21,3:21 AM,13,990
629,496,2023/05/27,1:39 PM,33,630
1258,497,2023/02/23,10:02 AM,26,259
74,498,2023/10/13,6:16 AM,50,75
1734,499,2023/03/13,8:42 PM,49,735
368,500,2023/11/27,9:27 AM,100,369
349,501,2023/03/13,8:36 AM,33,350
107,502,2023/03/05,6:02 PM,11,108
680,503,2023/01/22,12:07 PM,2,681
1756,504,2023/01/08,7:45 PM,46,757
14,505,2023/04/01,3:41 PM,83,15
906,506,2023/03/27,12:55 AM,20,907
1816,507,2023/12/31,9:55 AM,21,817
102,508,2024/01/05,6:01 PM,22,103
1132,509,2023/06/06,5:04 AM,13,133
631,510,2023/03/20,12:05 PM,68,632
309,511,2023/08/18,8:28 AM,43,310
1950,512,2023/08/17,2:11 PM,87,951
110,513,2023/06/20,12:40 AM,82,111
225,514,2023/06/16,11:58 AM,57,226
164,515,2023/02/21,5:20 AM,59,165
1952,516,2023/09/13,10:55 PM,9,953
524,517,2023/03/18,7:33 AM,82,525
394,518,2023/12/24,11:12 PM,94,395
388,519,2023/10/12,1:41 AM,88,389
924,520,2023/05/18,3:37 AM,23,925
1895,521,2023/10/10,1:12 AM,52,896
997,522,2023/07/27,3:22 AM,100,998
955,523,2023/12/24,3:31 AM,1,956
234,524,2023/12/12,11:10 PM,100,235
1810,525,2023/12/27,8:24 AM,70,811
1027,526,2023/07/26,7:37 PM,4,28
1648,527,2023/08/20,6:55 AM,50,649
1368,528,2023/06/16,5:26 AM,69,369
482,529,2023/04/25,6:07 PM,43,483
1825,530,2023/03/13,11:51 AM,59,826
1680,531,2023/11/23,1:50 AM,90,681
1667,532,2023/12/11,6:01 PM,16,668
42,533,2023/08/22,6:06 AM,1,43
1390,534,2023/08/11,6:24 PM,71,391
364,535,2023/04/01,3:01 PM,64,365
818,536,2023/08/08,2:56 AM,27,819
1165,537,2024/01/06,10:26 AM,97,166
1174,538,2023/09/29,5:13 PM,54,175
1129,539,2023/04/02,5:38 AM,81,130
1682,540,2023/05/16,4:33 AM,77,683
853,541,2023/03/04,7:40 AM,18,854
783,542,2023/02/22,12:06 PM,86,784
799,543,2023/06/25,3:28 PM,69,800
410,544,2023/08/21,12:12 AM,76,411
578,545,2023/01/30,12:30 PM,62,579
147,546,2023/11/01,2:00 PM,91,148
1392,547,2023/12/11,12:48 PM,60,393
1729,548,2023/03/30,1:13 PM,63,730
982,549,2023/10/02,9:26 PM,70,983
1109,550,2023/05/28,8:21 PM,84,110
827,551,2023/04/12,5:16 PM,28,828
286,552,2023/06/01,3:03 PM,18,287
1019,553,2023/01/28,4:48 PM,17,20
290,554,2023/11/19,11:48 PM,6,291
1584,555,2023/02/28,8:34 PM,33,585
1982,556,2023/10/10,6:56 PM,3,983
459,557,2023/12/25,9:53 PM,64,460
1505,558,2023/07/08,5:11 PM,66,506
1522,559,2023/04/22,10:20 PM,27,523
808,560,2023/01/22,7:52 AM,37,809
1971,561,2023/09/08,2:37 AM,27,972
1772,562,2023/03/16,8:27 PM,85,773
1634,563,2023/06/22,3:54 AM,35,635
359,564,2023/11/18,2:15 PM,92,360
1036,565,2023/11/30,2:21 AM,63,37
1892,566,2023/07/31,8:08 AM,10,893
1387,567,2023/05/31,2:11 AM,18,388
1932,568,2023/08/13,6:12 AM,17,933
1627,569,2023/03/02,12:57 PM,93,628
1571,570,2023/10/21,3:37 AM,53,572
609,571,2023/11/28,12:44 AM,88,610
245,572,2023/02/06,7:17 AM,76,246
914,573,2023/08/24,3:35 PM,7,915
869,574,2023/03/20,2:22 PM,40,870
1041,575,2023/02/22,12:04 AM,3,42
577,576,2023/09/29,2:57 PM,86,578
1968,577,2023/07/16,10:08 PM,66,969
846,578,2023/10/07,1:59 PM,73,847
548,579,2023/08/08,4:02 AM,98,549
1757,580,2023/01/20,2:45 AM,17,758
731,581,2023/04/19,8:17 AM,67,732
409,582,2024/01/01,12:15 PM,94,410
161,583,2023/06/19,5:05 AM,57,162
274,584,2023/10/18,6:48 PM,31,275
513,585,2024/01/05,9:57 PM,74,514
1348,586,2023/07/08,3:36 AM,89,349
1562,587,2023/04/12,8:35 AM,1,563
751,588,2023/09/02,4:35 AM,8,752
218,589,2023/11/19,3:55 PM,63,219
724,590,2023/11/30,4:53 AM,73,725
707,591,2023/04/24,6:47 PM,64,708
1148,592,2023/09/17,10:45 AM,67,149
391,593,2023/06/03,12:23 AM,85,392
1394,594,2023/10/29,8:17 AM,36,395
925,595,2023/12/20,6:52 PM,18,926
574,596,2023/06/02,4:32 PM,54,575
1317,597,2023/02/09,4:42 PM,85,318
197,598,2023/06/28,1:05 AM,49,198
428,599,2023/03/30,6:34 AM,28,429
984,600,2023/05/17,5:30 AM,40,985
785,601,2023/04/06,2:25 PM,10,786
126,602,2023/02/10,5:57 PM,56,127
1730,603,2023/08/18,3:13 AM,46,731
1974,604,2023/12/01,2:26 AM,64,975
1302,605,2023/06/26,4:50 AM,50,303
239,606,2023/03/05,5:49 PM,67,240
27,607,2023/02/13,4:44 AM,3,28
374,608,2023/08/12,3:57 AM,30,375
356,609,2023/10/06,6:34 PM,94,357
1234,610,2023/03/01,9:54 AM,55,235
1721,611,2023/10/23,3:46 PM,43,722
909,612,2023/10/16,3:13 PM,61,910
1558,613,2023/11/13,7:34 PM,49,559
1321,614,2023/06/26,7:06 PM,77,322
1786,615,2023/06/25,12:11 PM,75,787
1357,616,2023/11/05,12:11 PM,74,358
1093,617,2023/05/29,7:57 PM,80,94
1519,618,2023/05/20,1:56 PM,100,520
651,619,2023/04/25,10:13 AM,100,652
534,620,2023/09/28,4:59 PM,58,535
1575,621,2023/03/01,11:46 PM,34,576
1739,622,2023/08/24,7:20 AM,88,740
1383,623,2023/08/14,8:30 AM,99,384
671,624,2023/04/28,12:00 AM,94,672
1278,625,2023/07/24,4:34 PM,24,279
816,626,2023/10/05,12:33 PM,40,817
1953,627,2023/01/24,8:32 AM,7,954
1039,628,2023/12/23,11:49 PM,36,40
262,629,2023/12/28,7:16 PM,84,263
1230,630,2023/10/05,9:32 PM,75,231
246,631,2023/07/02,7:27 PM,98,247
1337,632,2023/12/13,7:30 AM,97,338
52,633,2023/01/30,6:34 PM,2,53
445,634,2023/07/28,7:21 AM,7,446
1740,635,2023/06/02,3:03 PM,71,741
1228,636,2023/03/29,6:25 PM,87,229
1817,637,2023/04/01,7:13 PM,26,818
273,638,2023/10/15,10:21 AM,68,274
606,639,2023/08/18,12:51 PM,43,607
1206,640,2023/06/28,2:42 PM,97,207
626,641,2023/12/07,3:52 PM,75,627
775,642,2023/12/30,8:04 PM,71,776
1023,643,2023/02/07,4:46 AM,48,24
1331,644,2024/01/04,4:28 PM,27,332
1295,645,2023/12/01,1:08 AM,92,296
1714,646,2023/11/09,3:51 PM,2,715
1391,647,2023/10/28,12:05 AM,67,392
604,648,2023/03/17,2:21 PM,70,605
1720,649,2023/06/09,1:06 AM,59,721
1338,650,2023/03/08,10:11 PM,13,339
195,651,2023/06/05,5:14 PM,38,196
1748,652,2023/10/27,10:37 PM,81,749
1802,653,2023/10/31,11:03 PM,9,803
519,654,2023/06/24,5:20 PM,75,520
1572,655,2023/12/18,4:42 AM,64,573
252,656,2023/07/16,2:58 AM,44,253
1088,657,2023/10/05,2:33 AM,95,89
718,658,2023/03/21,4:20 AM,79,719
1046,659,2023/05/16,9:56 PM,95,47
1159,660,2023/02/02,8:22 AM,98,160
396,661,2023/03/18,1:44 PM,37,397
199,662,2023/03/28,12:10 PM,11,200
1118,663,2023/02/12,12:53 AM,38,119
849,664,2023/11/26,2:48 AM,77,850
214,665,2023/09/21,9:10 PM,40,215
905,666,2023/03/18,1:18 PM,66,906
338,667,2023/04/23,10:07 PM,97,339
1316,668,2023/05/25,11:49 PM,81,317
1303,669,2023/07/04,8:12 AM,18,304
1026,670,2023/11/28,8:54 AM,94,27
1237,671,2023/01/31,6:09 AM,23,238
1361,672,2023/04/16,4:21 PM,46,362
1687,673,2023/07/24,3:13 AM,17,688
784,674,2023/05/29,8:22 AM,100,785
1909,675,2023/06/22,10:51 AM,36,910
1379,676,2023/10/11,2:35 AM,19,380
678,677,2023/03/06,11:07 PM,33,679
1783,678,2023/03/23,10:48 PM,2,784
523,679,2023/12/18,10:26 PM,26,524
1742,680,2023/12/09,12:35 PM,94,743
1385,681,2023/02/27,5:29 AM,4,386
1916,682,2023/04/20,4:10 PM,62,917
1788,683,2023/06/10,9:12 AM,56,789
386,684,2023/11/18,5:49 AM,25,387
1530,685,2023/03/15,7:06 PM,21,531
424,686,2023/07/01,5:09 PM,23,425
323,687,2023/02/07,11:38 PM,52,324
35,688,2023/01/31,10:04 AM,83,36
1223,689,2023/06/27,2:49 PM,55,224
1276,690,2023/08/14,12:13 PM,11,277
1475,691,2023/04/13,1:38 PM,48,476
1150,692,2023/09/10,9:01 AM,73,151
1891,693,2023/01/31,10:00 AM,100,892
1380,694,2023/02/17,7:22 PM,61,381
842,695,2023/04/20,5:44 PM,34,843
1161,696,2023/04/13,3:59 PM,51,162
1917,697,2023/10/04,12:57 AM,14,918
435,698,2023/01/18,7:54 AM,30,436
36,699,2023/01/18,1:07 AM,100,37
1128,700,2023/06/24,4:24 AM,40,129
529,701,2023/12/16,7:13 AM,18,530
242,702,2023/06/03,6:01 PM,31,243
722,703,2023/11/18,3:01 AM,19,723
981,704,2023/04/10,8:49 PM,84,982
1255,705,2023/12/08,2:37 PM,8,256
1659,706,2023/05/06,7:12 AM,16,660
1595,707,2023/08/29,7:34 AM,99,596
1154,708,2024/01/04,8:48 AM,16,155
1323,709,2023/12/29,3:30 PM,86,324
1717,710,2023/12/07,11:31 AM,74,718
591,711,2023/12/05,6:36 AM,86,592
570,712,2023/03/02,2:57 PM,43,571
1822,713,2023/10/08,11:44 PM,99,823
446,714,2023/07/01,11:07 PM,12,447
1009,715,2023/07/08,5:36 AM,100,10
1703,716,2023/06/19,6:48 AM,3,704
1110,717,2023/04/13,8:08 PM,65,111
1751,718,2023/07/10,2:42 AM,89,752
1548,719,2023/07/20,11:43 PM,3,549
1969,720,2023/12/11,5:21 AM,67,970
1491,721,2023/12/08,9:20 AM,100,492
23,722,2023/11/20,2:01 AM,7,24
1768,723,2023/03/31,8:20 PM,62,769
1104,724,2023/03/28,8:08 AM,40,105
327,725,2023/04/26,7:40 PM,2,328
1941,726,2023/02/11,11:46 AM,59,942
1970,727,2023/10/03,1:26 AM,45,971
744,728,2023/09/10,10:02 AM,64,745
599,729,2023/05/15,8:57 AM,11,600
528,730,2023/10/26,6:17 AM,65,529
1377,731,2023/03/26,7:30 PM,33,378
1141,732,2023/09/17,1:29 AM,80,142
1818,733,2023/02/11,2:34 PM,8,819
1731,734,2023/10/23,9:42 AM,21,732
319,735,2023/07/07,10:05 AM,25,320
1433,736,2023/11/30,8:46 AM,80,434
1418,737,2023/11/08,10:19 AM,87,419
848,738,2023/04/06,8:55 PM,40,849
515,739,2023/03/30,8:17 PM,45,516
971,740,2023/05/20,2:56 AM,52,972
1597,741,2023/02/28,3:49 AM,43,598
1304,742,2023/11/30,2:35 PM,86,305
480,743,2023/09/08,6:39 AM,93,481
1574,744,2023/03/03,5:20 PM,91,575
1593,745,2023/02/26,8:53 AM,72,594
805,746,2023/12/15,3:06 PM,40,806
1899,747,2023/04/13,7:57 PM,24,900
1238,748,2023/07/24,2:58 AM,90,239
1399,749,2023/03/20,11:27 AM,44,400
1838,750,2023/09/10,4:41 AM,83,839
796,751,2023/03/12,2:11 PM,79,797
431,752,2023/12/29,2:02 PM,64,432
1145,753,2023/04/28,3:48 PM,2,146
829,754,2023/05/01,6:28 PM,40,830
76,755,2023/02/22,2:39 AM,66,77
1949,756,2023/12/13,3:01 AM,42,950
1370,757,2023/11/05,12:34 AM,43,371
552,758,2023/12/04,8:06 PM,67,553
1801,759,2023/08/18,4:02 AM,98,802
1854,760,2023/12/11,6:11 AM,18,855
967,761,2023/11/19,5:52 PM,87,968
736,762,2023/04/24,2:04 PM,1,737
1199,763,2023/02/02,3:17 AM,36,200
67,764,2023/08/29,10:07 AM,21,68
1837,765,2023/12/03,1:19 PM,26,838
1877,766,2023/03/25,1:11 PM,95,878
288,767,2023/06/10,9:50 AM,47,289
1996,768,2023/08/25,2:36 AM,46,997
1136,769,2023/11/01,2:06 PM,86,137
504,770,2023/04/27,2:34 AM,93,505
106,771,2023/02/07,12:39 PM,61,107
1587,772,2023/08/19,7:23 PM,15,588
5,773,2023/10/15,8:19 PM,80,6
1542,774,2023/01/14,12:09 PM,92,543
1979,775,2023/09/05,5:12 PM,79,980
957,776,2023/07/10,10:27 PM,92,958
1967,777,2023/05/18,5:06 PM,73,968
1033,778,2023/03/03,10:52 PM,40,34
131,779,2023/06/06,12:45 PM,62,132
99,780,2023/03/20,1:24 AM,24,100
1075,781,2023/05/04,3:19 PM,55,76
166,782,2023/03/01,3:15 PM,31,167
620,783,2023/05/04,3:01 PM,100,621
1084,784,2023/07/08,11:47 PM,80,85
1216,785,2023/12/20,10:10 AM,85,217
213,786,2023/03/09,11:35 AM,27,214
1937,787,2023/11/11,10:03 AM,24,938
962,788,2023/05/17,6:39 PM,97,963
387,789,2023/12/04,2:16 PM,10,388
540,790,2023/03/15,12:30 AM,59,541
1774,791,2023/01/18,2:31 AM,7,775
209,792,2023/05/04,2:34 AM,5,210
1644,793,2023/04/30,8:38 PM,48,645
1814,794,2023/05/04,10:23 AM,39,815
208,795,2023/09/09,6:09 AM,32,209
1518,796,2023/02/11,1:10 PM,57,519
703,797,2023/04/30,8:51 AM,60,704
960,798,2023/12/25,5:04 AM,66,961
1232,799,2023/01/26,4:44 PM,26,233
1397,800,2023/05/01,5:02 AM,16,398
1494,801,2023/10/01,4:55 PM,4,495
1668,802,2023/02/09,12:43 AM,91,669
202,803,2023/08/31,9:06 AM,59,203
1741,804,2023/01/17,12:29 AM,77,742
1329,805,2023/02/06,4:56 PM,12,330
1943,806,2023/09/25,7:36 PM,67,944
1625,807,2023/01/16,4:37 PM,54,626
295,808,2023/02/18,11:59 AM,92,296
920,809,2023/06/29,6:50 AM,90,921
686,810,2023/06/30,12:59 AM,16,687
1592,811,2023/09/23,7:02 AM,90,593
814,812,2023/12/09,2:46 PM,52,815
1037,813,2023/02/07,4:17 PM,15,38
516,814,2023/09/16,10:56 AM,22,517
1769,815,2023/04/27,6:52 AM,31,770
1254,816,2023/10/06,10:39 PM,30,255
1864,817,2023/07/15,1:17 AM,19,865
1396,818,2023/10/13,10:27 PM,75,397
1330,819,2023/05/29,10:47 PM,30,331
1879,820,2023/06/26,4:02 PM,75,880
232,821,2023/07/19,10:02 PM,57,233
1198,822,2023/10/04,8:26 AM,9,199
456,823,2023/01/21,7:11 PM,13,457
1211,824,2023/05/20,6:11 PM,62,212
1951,825,2023/09/06,2:34 PM,90,952
1991,826,2023/09/01,6:37 PM,15,992
1020,827,2023/09/16,11:37 AM,92,21
1990,828,2023/02/16,12:11 AM,88,991
1149,829,2023/07/17,7:21 AM,29,150
1324,830,2023/09/12,12:04 PM,76,325
112,831,2023/06/11,9:02 AM,6,113
992,832,2023/07/31,3:23 PM,56,993
1030,833,2023/09/01,12:55 PM,35,31
1890,834,2023/06/30,6:48 PM,18,891
12,835,2023/03/26,7:12 PM,96,13
1567,836,2023/02/16,2:28 PM,45,568
1844,837,2023/05/27,10:00 AM,14,845
1427,838,2023/12/04,4:37 PM,51,428
1578,839,2023/03/21,8:15 PM,79,579
1626,840,2023/12/24,10:53 PM,42,627
1164,841,2023/10/16,1:40 AM,22,165
1662,842,2023/06/20,1:59 AM,47,663
1554,843,2023/01/31,2:10 PM,33,555
1326,844,2023/11/02,7:10 PM,38,327
1848,845,2023/12/09,11:23 AM,67,849
727,846,2023/05/16,4:11 PM,16,728
1686,847,2023/12/21,10:29 AM,2,687
201,848,2023/06/05,3:23 PM,6,202
111,849,2023/07/27,7:55 AM,24,112
39,850,2024/01/02,6:35 PM,14,40
1072,851,2023/01/09,8:47 AM,21,73
269,852,2023/03/19,4:56 AM,43,270
390,853,2023/04/14,12:38 PM,40,391
638,854,2023/10/23,12:32 PM,17,639
543,855,2023/02/12,4:12 PM,71,544
1733,856,2023/03/20,5:51 AM,79,734
1525,857,2023/06/25,3:49 AM,37,526
1918,858,2024/01/04,11:14 PM,75,919
167,859,2023/04/04,1:52 PM,16,168
1905,860,2023/09/01,3:59 AM,6,906
786,861,2023/08/17,6:46 AM,60,787
1282,862,2023/06/29,3:35 AM,13,283
44,863,2023/03/11,5:09 PM,74,45
1274,864,2023/02/27,2:23 PM,2,275
222,865,2023/11/13,7:16 PM,33,223
747,866,2023/03/10,5:59 AM,18,748
1622,867,2023/05/06,1:12 AM,40,623
1975,868,2023/04/24,4:09 PM,14,976
94,869,2023/03/12,8:11 PM,12,95
691,870,2023/03/09,6:20 AM,40,692
1486,871,2023/01/19,11:08 PM,13,487
1672,872,2023/06/10,10:36 AM,29,673
890,873,2023/12/22,10:23 PM,41,891
200,874,2023/03/31,9:46 PM,89,201
376,875,2023/09/23,1:53 AM,86,377
108,876,2023/02/04,7:38 PM,8,109
1487,877,2023/08/31,5:09 AM,63,488
1615,878,2023/05/19,9:12 PM,17,616
1244,879,2023/04/03,2:51 PM,42,245
451,880,2023/07/04,5:28 PM,50,452
1886,881,2023/03/24,6:52 AM,38,887
1221,882,2023/08/14,2:54 PM,49,222
1583,883,2023/06/15,12:45 AM,74,584
1994,884,2023/01/15,7:15 PM,46,995
891,885,2023/01/28,9:25 PM,85,892
908,886,2023/01/29,5:59 PM,16,909
765,887,2023/10/03,8:35 PM,62,766
438,888,2023/06/29,11:21 PM,18,439
1664,889,2023/10/30,2:39 PM,85,665
411,890,2023/01/14,1:26 PM,82,412
1231,891,2023/08/11,10:41 PM,48,232
520,892,2023/08/11,3:52 PM,1,521
109,893,2023/11/13,9:02 PM,52,110
1086,894,2023/01/21,6:21 PM,88,87
1512,895,2023/08/30,2:25 AM,65,513
455,896,2023/07/14,10:22 PM,55,456
675,897,2023/03/19,2:45 AM,4,676
1055,898,2023/06/05,3:07 PM,24,56
1737,899,2023/08/23,6:16 AM,21,738
940,900,2023/05/14,6:51 AM,88,941
587,901,2023/03/05,10:48 AM,50,588
607,902,2023/05/07,1:28 PM,51,608
1539,903,2023/12/02,3:59 AM,15,540
729,904,2023/09/29,12:51 AM,23,730
605,905,2023/12/28,12:59 PM,68,606
1044,906,2023/03/25,2:01 AM,83,45
1124,907,2023/06/14,3:28 PM,80,125
810,908,2023/10/20,7:24 PM,62,811
1964,909,2023/05/17,5:11 PM,81,965
163,910,2023/06/01,3:22 AM,63,164
472,911,2023/10/19,7:37 PM,88,473
460,912,2023/11/20,4:27 PM,50,461
1609,913,2023/03/01,1:07 AM,35,610
1619,914,2023/03/16,3:49 AM,23,620
530,915,2024/01/05,10:01 AM,31,531
889,916,2023/07/01,3:06 PM,69,890
422,917,2023/11/11,10:47 AM,11,423
1047,918,2023/04/23,1:03 PM,97,48
1845,919,2023/11/14,2:37 AM,8,846
241,920,2023/03/27,11:31 PM,99,242
1212,921,2023/06/19,10:40 PM,52,213
1305,922,2023/10/24,8:52 PM,50,306
1635,923,2023/12/04,7:34 AM,85,636
1133,924,2023/03/15,2:43 AM,13,134
280,925,2023/02/24,10:30 PM,29,281
1187,926,2023/07/23,8:09 PM,21,188
1621,927,2023/02/26,10:15 PM,82,622
402,928,2023/03/24,11:17 PM,32,403
1824,929,2023/12/23,1:52 AM,79,825
1526,930,2023/10/11,9:26 AM,73,527
1663,931,2023/12/19,11:14 AM,98,664
549,932,2023/02/21,5:53 PM,61,550
845,933,2023/06/06,2:38 PM,78,846
1275,934,2023/05/16,2:00 PM,66,276
377,935,2023/12/12,3:31 AM,74,378
966,936,2023/11/14,4:30 AM,46,967
1834,937,2023/10/10,10:20 AM,36,835
1359,938,2023/07/15,7:06 AM,35,360
1915,939,2023/08/13,4:36 AM,26,916
1819,940,2023/11/12,10:52 PM,53,820
1182,941,2023/04/05,2:59 AM,86,183
127,942,2023/12/21,8:24 AM,78,128
228,943,2023/02/28,7:40 AM,21,229
1531,944,2023/04/01,11:23 AM,46,532
1439,945,2023/11/04,5:10 PM,9,440
463,946,2023/03/24,12:08 AM,73,464
61,947,2023/04/24,1:42 PM,86,62
1839,948,2023/04/24,9:41 PM,12,840
679,949,2023/05/28,11:49 PM,31,680
1205,950,2023/01/21,12:24 PM,66,206
395,951,2023/07/30,4:26 AM,76,396
1993,952,2023/08/31,8:37 PM,47,994
726,953,2023/10/13,2:29 AM,29,727
157,954,2023/01/11,4:20 PM,48,158
357,955,2023/09/28,1:16 AM,22,358
1464,956,2023/12/30,9:48 AM,88,465
1642,957,2023/11/13,11:17 AM,99,643
685,958,2023/01/16,12:41 AM,99,686
1669,959,2023/06/12,8:24 AM,67,670
734,960,2023/06/29,12:09 AM,98,735
1365,961,2023/06/16,9:49 AM,51,366
723,962,2023/02/01,1:07 AM,98,724
1029,963,2023/10/08,7:53 AM,46,30
1115,964,2023/12/25,11:16 PM,14,116
913,965,2023/09/23,9:58 PM,76,914
798,966,2023/01/22,10:03 PM,29,799
1535,967,2023/03/12,11:47 PM,6,536
1980,968,2023/12/02,10:24 AM,30,981
1470,969,2023/09/17,9:58 AM,79,471
915,970,2023/02/18,6:43 AM,32,916
1271,971,2023/10/20,5:58 AM,95,272
271,972,2023/07/11,4:31 AM,24,272
792,973,2023/02/17,1:18 PM,8,793
465,974,2023/10/17,9:07 PM,95,466
1754,975,2023/03/20,2:24 AM,16,755
206,976,2023/06/12,11:18 PM,63,207
1726,977,2023/04/22,3:49 PM,29,727
1038,978,2023/06/17,12:07 AM,32,39
1925,979,2023/07/20,1:48 PM,90,926
859,980,2023/08/03,9:12 PM,22,860
1293,981,2023/12/23,10:13 PM,56,294
1515,982,2023/12/01,5:14 PM,47,516
1430,983,2023/09/16,7:22 PM,7,431
826,984,2023/08/15,3:02 PM,35,827
180,985,2023/08/28,2:27 AM,74,181
762,986,2023/09/11,12:51 AM,17,763
220,987,2023/02/01,3:43 PM,34,221
353,988,2024/01/01,12:50 PM,54,354
733,989,2023/03/28,6:26 AM,19,734
264,990,2023/06/13,5:54 AM,11,265
1599,991,2023/08/04,8:30 PM,14,600
621,992,2023/12/29,2:44 PM,84,622
1809,993,2023/11/06,2:01 PM,16,810
471,994,2023/01/25,2:41 PM,86,472
1804,995,2023/05/03,10:22 PM,55,805
26,996,2023/09/03,2:25 PM,71,27
133,997,2023/09/23,1:24 AM,67,134
1607,998,2023/09/01,11:14 PM,43,608
380,999,2023/06/28,6:44 PM,3,381
78,1000,2023/10/02,10:39 AM,97,79
1557,1001,2023/04/02,4:59 AM,88,558
282,1002,2023/09/21,7:00 AM,14,283
1280,1003,2023/04/06,11:00 AM,2,281
647,1004,2023/12/11,8:23 PM,58,648
677,1005,2023/08/17,4:16 PM,38,678
233,1006,2023/11/02,7:38 AM,20,234
189,1007,2023/10/07,5:17 AM,9,190
533,1008,2023/03/23,9:31 PM,88,534
89,1009,2023/04/07,8:12 PM,97,90
1173,1010,2024/01/07,1:55 PM,24,174
1181,1011,2023/05/24,5:38 PM,93,182
1080,1012,2023/11/16,7:45 AM,25,81
644,1013,2023/12/14,1:08 AM,60,645
1402,1014,2023/08/12,3:40 PM,55,403
462,1015,2023/12/24,7:07 PM,7,463
1490,1016,2023/04/10,5:48 AM,88,491
421,1017,2023/10/11,12:57 AM,33,422
670,1018,2023/04/08,7:00 AM,78,671
154,1019,2023/02/14,5:15 PM,91,155
555,1020,2023/07/30,2:24 AM,22,556
804,1021,2023/08/26,3:57 AM,57,805
743,1022,2023/04/17,6:09 PM,17,744
256,1023,2024/01/05,2:37 AM,8,257
648,1024,2023/05/17,12:13 AM,20,649
958,1025,2023/10/06,1:06 AM,23,959
498,1026,2023/03/09,4:43 AM,60,499
281,1027,2023/10/15,2:16 AM,75,282
1657,1028,2023/08/09,5:31 AM,51,658
1972,1029,2023/08/13,8:03 AM,30,973
496,1030,2023/09/23,4:34 AM,83,497
426,1031,2023/07/28,6:29 PM,72,427
1725,1032,2023/02/28,7:50 AM,50,726
322,1033,2023/06/19,11:55 PM,54,323
1105,1034,2023/08/29,10:12 AM,20,106
527,1035,2023/11/08,2:40 PM,61,528
1940,1036,2023/03/07,7:15 PM,96,941
1933,1037,2023/11/16,5:37 PM,64,934
63,1038,2023/04/14,11:12 AM,23,64
1713,1039,2023/10/09,10:40 PM,36,714
658,1040,2023/01/10,1:37 PM,42,659
1259,1041,2023/11/18,2:11 AM,82,260
831,1042,2023/09/25,5:29 AM,56,832
720,1043,2023/09/12,8:03 AM,89,721
1881,1044,2023/06/08,8:53 AM,82,882
1163,1045,2023/09/12,8:43 AM,24,164
427,1046,2023/04/27,3:21 PM,48,428
1928,1047,2023/04/20,10:57 AM,24,929
501,1048,2023/08/23,9:46 PM,5,502
1476,1049,2023/08/29,12:29 PM,55,477
485,1050,2023/07/07,10:27 AM,8,486
1631,1051,2023/08/20,9:25 PM,32,632
1841,1052,2023/02/20,4:56 PM,75,842
1116,1053,2023/03/31,5:41 AM,36,117
179,1054,2023/11/14,9:52 AM,38,180
564,1055,2023/01/22,8:27 PM,76,565
1147,1056,2023/08/26,10:44 AM,3,148
1860,1057,2023/06/14,4:42 PM,80,861
655,1058,2023/10/31,11:26 AM,17,656
1696,1059,2023/05/04,4:00 PM,29,697
1746,1060,2023/05/08,11:14 PM,60,747
1590,1061,2023/04/03,4:04 PM,39,591
593,1062,2023/10/07,3:07 PM,26,594
1650,1063,2023/08/29,4:08 AM,84,651
1985,1064,2023/12/23,10:42 AM,83,986
623,1065,2023/12/16,10:11 PM,75,624
1240,1066,2023/09/01,1:36 PM,60,241
1546,1067,2023/10/26,7:53 AM,33,547
1445,1068,2023/05/24,6:13 PM,65,446
1224,1069,2023/07/21,10:57 AM,96,225
1416,1070,2023/04/10,2:38 PM,73,417
979,1071,2023/03/23,9:38 PM,4,980
933,1072,2023/12/25,10:18 PM,91,934
58,1073,2023/03/04,4:54 AM,89,59
362,1074,2023/12/06,12:35 AM,36,363
1504,1075,2023/07/03,9:07 PM,23,505
450,1076,2023/09/15,6:15 AM,42,451
843,1077,2023/08/03,3:23 AM,18,844
669,1078,2023/10/12,6:48 PM,58,670
1217,1079,2023/12/26,4:23 AM,15,218
1691,1080,2023/02/06,10:05 PM,92,692
1858,1081,2023/09/03,11:27 PM,56,859
929,1082,2023/10/25,10:07 PM,9,930
1288,1083,2023/12/06,11:55 PM,80,289
1371,1084,2023/04/10,9:38 AM,89,372
1560,1085,2023/08/13,6:57 PM,82,561
1651,1086,2023/03/10,11:51 AM,42,652
1580,1087,2023/09/30,5:55 PM,7,581
1325,1088,2023/02/20,12:43 AM,33,326
1071,1089,2023/03/04,9:01 PM,45,72
1910,1090,2023/02/20,2:16 AM,95,911
440,1091,2023/05/30,6:47 PM,55,441
948,1092,2023/05/31,1:07 PM,22,949
1318,1093,2023/12/29,10:01 AM,65,319
1243,1094,2023/03/12,9:31 AM,72,244
1878,1095,2023/05/26,11:58 AM,65,879
721,1096,2023/02/22,10:10 PM,41,722
1517,1097,2023/09/17,8:05 PM,37,518
547,1098,2023/04/02,9:27 AM,73,548
1214,1099,2023/11/10,10:48 AM,18,215
1297,1100,2023/11/26,3:15 PM,63,298
755,1101,2023/03/02,8:43 AM,99,756
1021,1102,2023/11/23,9:25 PM,24,22
536,1103,2023/10/16,3:20 PM,68,537
128,1104,2023/12/11,4:31 AM,87,129
695,1105,2023/08/06,11:51 PM,5,696
267,1106,2023/10/20,8:53 AM,19,268
635,1107,2023/09/25,12:08 AM,54,636
447,1108,2023/09/16,9:09 PM,58,448
788,1109,2023/06/15,7:02 PM,80,789
973,1110,2023/07/05,3:26 AM,12,974
1097,1111,2023/03/26,12:03 AM,31,98
1790,1112,2023/09/26,2:30 AM,3,791
1117,1113,2023/12/14,10:22 AM,23,118
1803,1114,2023/02/28,12:23 PM,19,804
1343,1115,2023/11/14,7:05 AM,6,344
1364,1116,2023/10/28,3:01 PM,35,365
469,1117,2023/08/08,9:33 PM,15,470
1381,1118,2023/07/06,9:24 PM,31,382
96,1119,2023/12/04,9:12 AM,44,97
1670,1120,2023/02/05,11:02 AM,78,671
1534,1121,2023/12/15,5:25 AM,89,535
355,1122,2023/01/15,1:01 PM,48,356
894,1123,2023/09/15,8:37 AM,20,895
1851,1124,2023/05/25,3:23 PM,94,852
171,1125,2023/06/09,1:38 AM,40,172
1092,1126,2023/06/29,9:21 PM,63,93
1183,1127,2023/04/06,1:26 AM,70,184
1948,1128,2023/11/14,5:02 AM,7,949
1367,1129,2023/09/23,5:34 PM,38,368
584,1130,2023/03/16,4:24 AM,29,585
1344,1131,2023/10/13,5:10 AM,89,345
1957,1132,2023/10/21,10:30 PM,84,958
1870,1133,2023/12/31,3:21 AM,73,871
436,1134,2023/01/22,9:54 PM,92,437
1468,1135,2023/06/24,5:37 PM,30,469
1862,1136,2023/01/21,3:00 PM,90,863
596,1137,2023/02/25,11:07 AM,39,597
1108,1138,2023/06/17,10:46 PM,57,109
332,1139,2023/01/18,10:34 PM,24,333
1125,1140,2023/06/07,12:23 AM,73,126
1602,1141,2023/01/27,11:20 PM,12,603
1842,1142,2023/10/04,12:07 AM,56,843
910,1143,2023/05/20,5:18 AM,45,911
673,1144,2023/12/25,8:31 AM,95,674
1291,1145,2023/11/26,7:45 AM,29,292
11,1146,2023/06/09,4:01 AM,6,12
406,1147,2023/01/22,11:19 PM,85,407
505,1148,2023/05/10,12:10 AM,14,506
1210,1149,2023/03/30,7:33 PM,51,211
1422,1150,2023/11/15,9:41 AM,53,423
1907,1151,2023/08/02,8:19 PM,73,908
317,1152,2023/03/11,8:58 AM,60,318
1354,1153,2023/10/22,10:58 AM,2,355
28,1154,2023/07/23,11:48 AM,37,29
414,1155,2023/12/16,6:04 AM,72,415
80,1156,2023/01/28,12:36 PM,53,81
333,1157,2023/04/27,6:12 AM,41,334
257,1158,2023/08/29,6:02 PM,30,258
911,1159,2023/05/14,2:50 AM,30,912
121,1160,2023/11/27,6:14 AM,30,122
1347,1161,2023/12/02,8:12 AM,6,348
216,1162,2023/12/11,12:32 AM,11,217
576,1163,2023/04/06,3:17 PM,37,577
1480,1164,2023/07/07,11:48 PM,40,481
194,1165,2023/02/26,6:40 PM,81,195
559,1166,2023/02/18,6:20 PM,52,560
1514,1167,2023/07/24,3:52 AM,1,515
777,1168,2023/02/12,7:53 PM,87,778
1577,1169,2023/03/29,2:49 PM,31,578
1479,1170,2023/04/06,12:12 AM,41,480
1771,1171,2023/09/17,12:39 PM,69,772
1138,1172,2023/09/30,6:36 PM,86,139
1456,1173,2023/10/05,3:55 PM,21,457
1378,1174,2023/06/25,8:58 AM,5,379
1366,1175,2023/06/22,10:19 AM,49,367
176,1176,2023/01/20,8:49 AM,100,177
141,1177,2023/11/17,10:22 PM,82,142
980,1178,2023/01/22,10:08 PM,15,981
1374,1179,2023/08/01,12:53 PM,54,375
1986,1180,2023/08/22,1:31 PM,3,987
781,1181,2023/12/30,12:16 AM,51,782
1702,1182,2023/03/18,2:18 PM,86,703
1010,1183,2023/11/11,8:57 PM,71,11
1568,1184,2023/01/22,3:05 AM,79,569
976,1185,2023/09/07,3:46 AM,96,977
619,1186,2023/08/23,5:26 PM,7,620
1888,1187,2024/01/02,6:39 PM,58,889
708,1188,2023/04/29,1:00 AM,47,709
1763,1189,2023/10/09,10:28 AM,30,764
1523,1190,2023/10/31,7:16 AM,34,524
1091,1191,2023/01/12,5:04 PM,51,92
1139,1192,2023/02/24,6:26 AM,68,140
575,1193,2023/11/26,6:13 PM,6,576
709,1194,2023/09/29,11:30 PM,88,710
1226,1195,2023/11/19,3:42 AM,56,227
1929,1196,2023/05/20,12:24 AM,84,930
1123,1197,2023/09/02,12:43 PM,72,124
633,1198,2023/04/16,3:32 PM,24,634
1335,1199,2023/05/25,3:50 PM,84,336
803,1200,2023/12/11,2:38 PM,45,804
588,1201,2023/07/22,10:31 PM,70,589
1146,1202,2023/10/11,10:28 AM,26,147
215,1203,2023/05/23,2:37 AM,70,216
492,1204,2023/05/08,3:09 AM,47,493
165,1205,2023/12/07,5:26 AM,90,166
1233,1206,2023/08/13,9:48 PM,35,234
250,1207,2023/08/08,12:20 PM,85,251
153,1208,2023/02/18,6:48 PM,29,154
1630,1209,2023/07/09,4:49 PM,72,631
1796,1210,2023/05/05,2:54 PM,57,797
1140,1211,2023/08/12,10:26 AM,31,141
1674,1212,2023/01/31,12:01 PM,85,675
240,1213,2023/07/03,2:30 PM,25,241
1453,1214,2023/11/28,1:46 AM,84,454
1545,1215,2023/03/27,9:53 PM,90,546
1142,1216,2023/10/21,7:36 PM,98,143
546,1217,2023/06/26,3:06 AM,25,547
1195,1218,2023/10/21,6:02 AM,98,196
1242,1219,2023/10/12,3:29 PM,92,243
212,1220,2023/10/16,3:29 PM,93,213
174,1221,2023/09/25,10:05 PM,1,175
595,1222,2023/10/23,9:15 AM,93,596
1938,1223,2023/07/03,2:41 AM,3,939
1388,1224,2023/06/13,11:45 AM,39,389
1629,1225,2023/01/18,9:37 AM,61,630
263,1226,2023/12/23,6:17 AM,40,264
1152,1227,2023/06/21,3:09 PM,61,153
1936,1228,2023/04/20,11:10 PM,57,937
851,1229,2023/01/28,9:27 AM,36,852
1186,1230,2023/12/18,3:51 AM,19,187
495,1231,2023/06/19,10:24 PM,18,496
1521,1232,2023/08/23,10:09 AM,48,522
340,1233,2023/12/23,12:49 PM,29,341
48,1234,2023/09/18,3:39 AM,98,49
1829,1235,2023/01/16,4:21 AM,67,830
782,1236,2023/06/26,10:47 PM,84,783
1175,1237,2023/01/25,4:31 PM,45,176
470,1238,2023/03/19,10:00 AM,26,471
828,1239,2023/09/23,5:20 PM,38,829
1310,1240,2023/04/10,4:11 AM,53,311
1286,1241,2023/11/23,8:23 AM,20,287
24,1242,2023/02/13,6:16 AM,91,25
923,1243,2023/07/10,6:57 PM,76,924
1836,1244,2023/11/27,8:40 PM,19,837
1111,1245,2023/07/12,8:19 PM,11,112
1466,1246,2023/06/02,4:42 PM,20,467
1556,1247,2023/04/09,9:50 PM,68,557
248,1248,2023/12/24,5:07 PM,38,249
358,1249,2023/03/18,8:56 AM,18,359
1570,1250,2023/11/19,7:59 AM,47,571
203,1251,2023/04/16,1:37 AM,90,204
1646,1252,2023/06/26,12:47 PM,85,647
86,1253,2023/08/31,12:05 PM,19,87
490,1254,2023/05/05,6:20 AM,39,491
1263,1255,2023/12/11,1:27 AM,33,264
335,1256,2023/02/05,6:39 PM,8,336
162,1257,2023/02/22,7:58 AM,6,163
300,1258,2023/10/03,8:07 PM,8,301
1623,1259,2023/11/26,4:14 PM,64,624
92,1260,2023/05/13,5:19 PM,30,93
1550,1261,2023/12/28,2:20 PM,71,551
1272,1262,2023/04/06,8:15 PM,35,273
101,1263,2023/12/06,1:05 PM,56,102
336,1264,2023/12/08,5:43 AM,50,337
417,1265,2023/09/17,8:39 AM,67,418
313,1266,2023/11/12,3:28 PM,33,314
84,1267,2023/06/30,12:00 PM,86,85
624,1268,2023/02/22,2:17 AM,87,625
142,1269,2023/12/23,6:20 AM,59,143
1094,1270,2023/02/26,10:47 AM,19,95
1015,1271,2023/08/27,4:09 AM,32,16
1106,1272,2023/07/08,6:42 AM,64,107
1808,1273,2023/09/11,8:16 AM,61,809
1753,1274,2023/04/01,9:58 AM,87,754
287,1275,2023/05/24,6:14 AM,52,288
1249,1276,2023/06/17,6:45 PM,54,250
1945,1277,2023/10/05,1:20 AM,38,946
493,1278,2023/05/16,7:29 PM,100,494
877,1279,2023/06/24,8:40 PM,47,878
1284,1280,2023/09/30,2:27 AM,67,285
1613,1281,2023/11/10,9:47 AM,91,614
735,1282,2023/04/19,2:09 PM,25,736
692,1283,2023/12/22,3:48 AM,51,693
217,1284,2023/02/06,7:34 PM,10,218
1956,1285,2023/04/12,10:32 AM,95,957
1089,1286,2023/06/23,2:01 PM,91,90
226,1287,2023/03/12,12:16 PM,69,227
1973,1288,2023/11/14,2:23 AM,7,974
503,1289,2023/03/18,9:43 AM,21,504
1227,1290,2023/05/12,4:07 PM,85,228
945,1291,2023/06/08,1:20 PM,41,946
1225,1292,2023/07/18,6:21 PM,69,226
1328,1293,2023/11/14,9:49 AM,87,329
205,1294,2023/03/30,2:19 AM,87,206
1840,1295,2023/03/29,10:34 PM,70,841
696,1296,2023/09/17,3:08 AM,58,697
1787,1297,2023/08/30,1:24 PM,87,788
1407,1298,2023/01/23,11:51 PM,12,408
479,1299,2023/08/18,7:43 PM,52,480
1552,1300,2023/02/09,6:04 AM,56,553
170,1301,2023/01/27,6:47 PM,61,171
17,1302,2023/08/09,2:45 AM,99,18
439,1303,2023/11/11,12:01 PM,4,440
942,1304,2023/08/26,4:14 PM,27,943
1153,1305,2023/05/26,11:50 PM,84,154
354,1306,2023/08/24,11:56 PM,25,355
802,1307,2023/08/22,5:13 PM,74,803
600,1308,2023/06/28,9:55 AM,5,601
40,1309,2023/12/18,11:36 AM,21,41
1509,1310,2023/07/27,9:45 AM,18,510
753,1311,2023/10/30,7:18 AM,12,754
291,1312,2023/12/22,1:53 AM,56,292
341,1313,2023/08/27,6:46 AM,34,342
1045,1314,2023/12/14,7:12 PM,77,46
1269,1315,2023/04/16,7:26 PM,18,270
1906,1316,2023/09/01,7:00 AM,30,907
927,1317,2023/01/24,9:26 PM,12,928
1866,1318,2023/11/27,6:06 PM,24,867
1678,1319,2023/07/06,2:57 AM,9,679
715,1320,2024/01/01,3:57 PM,69,716
224,1321,2023/04/26,12:48 PM,41,225
1695,1322,2023/08/09,8:47 PM,52,696
1698,1323,2023/07/18,12:01 PM,80,699
68,1324,2023/02/21,8:24 PM,79,69
312,1325,2023/12/13,11:17 AM,61,313
630,1326,2023/02/10,4:13 PM,33,631
261,1327,2023/04/20,5:07 AM,15,262
1671,1328,2023/02/06,5:59 PM,35,672
1544,1329,2023/09/21,6:18 PM,51,545
1012,1330,2024/01/04,10:08 AM,13,13
1022,1331,2023/07/28,9:46 AM,65,23
229,1332,2024/01/05,8:25 PM,27,230
1469,1333,2023/11/28,10:39 PM,94,470
276,1334,2023/04/08,10:39 PM,33,277
1997,1335,2023/01/18,12:17 PM,7,998
1869,1336,2023/01/29,4:38 PM,55,870
1312,1337,2024/01/01,7:13 PM,98,313
1785,1338,2023/10/11,3:35 AM,29,786
1013,1339,2023/06/01,12:01 AM,35,14
1675,1340,2023/09/06,9:30 AM,46,676
1658,1341,2023/08/17,7:24 AM,72,659
938,1342,2023/08/24,2:19 AM,78,939
953,1343,2023/09/24,4:54 PM,67,954
602,1344,2023/06/11,6:42 PM,88,603
660,1345,2023/05/16,11:03 AM,49,661
627,1346,2023/10/05,7:02 AM,61,628
1052,1347,2023/11/08,10:43 AM,31,53
510,1348,2023/05/14,6:17 PM,65,511
145,1349,2023/03/03,8:59 AM,97,146
1589,1350,2023/08/28,9:24 PM,63,590
1261,1351,2023/12/03,2:00 PM,72,262
1832,1352,2023/01/15,5:04 AM,71,833
346,1353,2023/12/21,1:26 AM,81,347
748,1354,2023/07/21,3:35 AM,75,749
1600,1355,2023/08/23,4:15 AM,60,601
1606,1356,2023/02/06,2:11 PM,75,607
535,1357,2023/02/19,10:47 AM,76,536
1003,1358,2023/03/24,4:57 PM,19,4
613,1359,2023/11/02,12:45 PM,1,614
1167,1360,2023/11/20,2:47 PM,76,168
585,1361,2023/05/27,6:04 AM,98,586
556,1362,2023/05/25,2:01 PM,4,557
1121,1363,2023/08/20,7:29 AM,95,122
473,1364,2023/07/05,5:30 PM,46,474
774,1365,2023/03/31,4:02 AM,56,775
149,1366,2023/04/17,9:43 PM,94,150
1285,1367,2023/07/06,7:51 PM,57,286
664,1368,2023/08/14,11:10 PM,68,665
134,1369,2023/04/22,7:52 PM,58,135
1306,1370,2023/01/30,10:09 AM,6,307
325,1371,2023/12/18,9:13 PM,55,326
874,1372,2023/05/28,4:52 AM,13,875
1984,1373,2023/11/11,9:51 PM,18,985
1340,1374,2023/02/22,2:53 AM,15,341
297,1375,2023/05/24,2:20 PM,10,298
1677,1376,2023/04/05,7:48 PM,84,678
259,1377,2023/08/25,5:24 AM,94,260
1267,1378,2023/08/30,6:49 AM,64,268
885,1379,2023/08/03,12:27 AM,63,886
916,1380,2023/12/10,3:56 AM,85,917
737,1381,2023/02/28,5:57 PM,97,738
538,1382,2023/09/19,4:01 PM,16,539
1614,1383,2023/07/30,8:34 PM,68,615
183,1384,2023/01/14,10:10 AM,65,184
1649,1385,2023/04/19,5:50 AM,51,650
487,1386,2023/10/13,9:48 PM,65,488
306,1387,2023/04/25,2:18 PM,63,307
1454,1388,2023/06/07,1:02 PM,41,455
437,1389,2023/06/27,12:45 AM,36,438
1081,1390,2023/01/27,7:49 PM,58,82
211,1391,2023/03/08,10:29 AM,9,212
1520,1392,2023/04/14,2:32 AM,35,521
188,1393,2023/02/13,3:10 PM,27,189
1222,1394,2023/03/13,2:47 AM,44,223
381,1395,2023/11/01,8:24 AM,54,382
302,1396,2023/10/06,4:15 AM,20,303
1062,1397,2023/05/22,1:16 AM,26,63
1738,1398,2023/12/14,3:44 PM,96,739
581,1399,2024/01/04,10:43 AM,61,582
502,1400,2023/02/19,8:26 AM,92,503
756,1401,2023/01/10,5:23 AM,85,757
1795,1402,2023/02/28,8:21 AM,72,796
870,1403,2023/10/02,12:50 PM,4,871
683,1404,2023/12/20,7:48 PM,79,684
375,1405,2023/02/28,11:18 AM,27,376
611,1406,2023/10/18,8:14 AM,18,612
1923,1407,2023/05/09,5:52 PM,83,924
882,1408,2023/08/16,3:36 PM,68,883
1705,1409,2023/06/06,1:40 AM,89,706
1415,1410,2023/07/20,11:27 AM,96,416
902,1411,2023/12/13,10:19 PM,67,903
1992,1412,2023/07/14,2:46 PM,58,993
1333,1413,2023/09/25,5:50 PM,40,334
1605,1414,2023/11/12,7:52 PM,24,606
950,1415,2023/02/21,6:29 AM,22,951
1260,1416,2023/06/02,5:38 PM,51,261
22,1417,2023/07/25,11:49 AM,55,23
1912,1418,2023/07/04,8:42 PM,27,913
123,1419,2023/04/29,10:17 AM,33,124
1207,1420,2023/02/01,2:07 PM,54,208
1728,1421,2023/01/19,6:40 PM,12,729
714,1422,2023/04/18,9:59 PM,13,715
1806,1423,2023/07/17,6:42 AM,23,807
939,1424,2023/11/18,8:08 AM,70,940
1448,1425,2023/09/18,9:58 PM,38,449
1711,1426,2023/02/21,5:28 AM,29,712
6,1427,2023/04/10,3:16 PM,13,7
580,1428,2024/01/02,8:09 PM,83,581
499,1429,2023/03/20,4:54 AM,56,500
1608,1430,2023/12/20,8:50 PM,69,609
687,1431,2023/10/04,12:13 PM,37,688
119,1432,2023/08/11,8:22 PM,35,120
936,1433,2023/07/08,11:43 PM,50,937
951,1434,2023/11/21,11:32 PM,75,952
1807,1435,2023/04/20,7:15 AM,34,808
1833,1436,2023/01/14,2:47 AM,97,834
1847,1437,2023/02/16,12:29 PM,85,848
1958,1438,2023/08/12,4:27 AM,26,959
1846,1439,2023/04/07,4:15 AM,95,847
1775,1440,2023/07/12,8:25 PM,32,776
526,1441,2023/02/07,5:34 AM,50,527
1248,1442,2023/03/13,12:54 PM,40,249
531,1443,2023/02/07,1:21 PM,93,532
813,1444,2023/06/05,1:55 PM,10,814
1792,1445,2023/12/06,4:18 PM,91,793
1460,1446,2023/01/29,4:51 PM,90,461
1073,1447,2023/10/08,7:00 AM,65,74
1213,1448,2023/01/16,2:26 PM,98,214
896,1449,2023/04/17,7:56 PM,3,897
383,1450,2023/10/31,9:14 PM,86,384
371,1451,2023/09/10,9:48 PM,10,372
57,1452,2023/03/14,1:01 PM,2,58
444,1453,2023/05/15,9:51 AM,32,445
1028,1454,2023/05/24,6:20 AM,72,29
1998,1455,2023/12/02,11:24 PM,28,999
539,1456,2023/10/29,3:36 PM,96,540
1849,1457,2023/03/07,1:35 PM,71,850
489,1458,2023/10/09,10:17 PM,20,490
1389,1459,2023/10/05,10:24 PM,35,390
598,1460,2023/02/06,7:03 AM,22,599
824,1461,2023/02/01,7:49 PM,29,825
1200,1462,2023/12/25,12:23 AM,91,201
704,1463,2023/04/25,9:14 AM,43,705
90,1464,2023/10/07,2:49 AM,95,91
1171,1465,2023/01/28,12:49 PM,22,172
255,1466,2023/10/23,6:29 AM,93,256
116,1467,2023/08/22,7:26 AM,4,117
77,1468,2023/04/17,7:48 AM,78,78
615,1469,2023/02/10,5:25 PM,64,616
244,1470,2023/05/24,6:37 PM,36,245
9,1471,2023/04/01,9:08 PM,36,10
1314,1472,2023/09/20,6:50 PM,92,315
185,1473,2023/01/27,9:48 AM,49,186
1555,1474,2023/10/17,11:53 PM,48,556
1311,1475,2023/01/23,4:50 AM,13,312
590,1476,2023/12/20,11:53 PM,46,591
328,1477,2023/08/16,3:16 AM,97,329
1492,1478,2023/03/26,1:16 PM,24,493
1481,1479,2023/03/16,6:45 AM,28,482
563,1480,2023/11/09,7:02 PM,78,564
1508,1481,2023/01/17,9:26 AM,87,509
294,1482,2024/01/01,12:46 PM,84,295
861,1483,2023/08/22,10:05 AM,26,862
668,1484,2023/05/28,11:44 AM,51,669
1049,1485,2023/07/13,9:08 PM,43,50
342,1486,2023/12/18,12:43 PM,98,343
1172,1487,2023/09/20,8:48 PM,5,173
807,1488,2023/06/30,8:34 PM,16,808
1944,1489,2023/11/29,2:19 AM,70,945
117,1490,2023/03/03,7:45 AM,75,118
943,1491,2023/08/27,1:19 PM,7,944
1178,1492,2023/09/04,9:51 AM,93,179
1194,1493,2023/07/24,2:37 PM,32,195
478,1494,2023/02/20,11:49 PM,53,479
370,1495,2023/03/20,6:05 AM,12,371
1247,1496,2023/05/18,1:25 PM,19,248
862,1497,2023/11/04,2:39 AM,60,863
1820,1498,2023/04/03,10:31 AM,42,821
1208,1499,2024/01/03,3:44 PM,77,209
160,1500,2023/08/20,12:06 AM,77,161
1048,1501,2023/12/01,6:38 AM,48,49
1942,1502,2023/02/08,8:20 PM,82,943
941,1503,2023/07/18,7:28 PM,38,942
1279,1504,2023/03/25,10:10 PM,66,280
1265,1505,2023/02/11,3:03 AM,27,266
525,1506,2023/12/18,7:22 AM,14,526
697,1507,2023/11/04,11:02 PM,1,698
477,1508,2023/06/17,7:32 AM,39,478
1107,1509,2023/12/01,6:54 PM,21,108
181,1510,2023/06/09,3:51 AM,53,182
1458,1511,2023/03/26,11:39 AM,76,459
136,1512,2023/06/25,5:24 PM,38,137
120,1513,2023/02/16,12:09 PM,64,121
1179,1514,2023/04/11,5:41 AM,66,180
977,1515,2023/04/23,8:52 AM,15,978
3,1516,2023/12/06,7:58 PM,38,4
1813,1517,2023/01/28,7:23 PM,15,814
399,1518,2023/04/27,4:34 PM,67,400
713,1519,2023/10/25,11:05 AM,19,714
494,1520,2023/03/24,7:18 AM,55,495
1694,1521,2023/07/13,9:49 AM,44,695
1645,1522,2023/02/10,8:41 AM,33,646
366,1523,2023/09/28,2:54 AM,81,367
725,1524,2023/07/15,12:23 PM,64,726
10,1525,2023/10/08,2:05 AM,12,11
639,1526,2023/03/05,7:18 AM,52,640
1375,1527,2023/03/21,4:47 AM,73,376
83,1528,2023/11/24,5:02 AM,26,84
665,1529,2023/04/07,12:30 PM,30,666
1831,1530,2023/09/09,10:24 AM,50,832
1431,1531,2023/12/30,6:29 AM,64,432
425,1532,2023/04/11,1:19 AM,84,426
1947,1533,2023/02/02,4:01 PM,23,948
1978,1534,2023/05/08,6:19 PM,95,979
1436,1535,2023/05/22,12:05 PM,97,437
221,1536,2023/04/26,2:27 PM,9,222
125,1537,2023/09/05,12:07 PM,2,126
1076,1538,2023/09/29,2:46 AM,4,77
998,1539,2023/01/21,8:53 PM,37,999
182,1540,2023/11/16,7:17 AM,94,183
454,1541,2023/09/25,7:25 PM,11,455
60,1542,2023/05/08,3:50 PM,66,61
1170,1543,2023/01/08,10:27 PM,80,171
1262,1544,2023/02/04,8:01 AM,86,263
1875,1545,2023/06/05,1:45 AM,62,876
886,1546,2023/02/09,6:48 PM,16,887
750,1547,2023/11/12,7:10 AM,5,751
817,1548,2023/08/17,9:17 PM,67,818
1005,1549,2023/08/12,1:23 PM,33,6
642,1550,2023/05/10,8:36 AM,48,643
1137,1551,2023/07/23,10:12 AM,28,138
1883,1552,2023/04/05,8:38 PM,74,884
809,1553,2023/06/30,8:48 AM,65,810
175,1554,2023/06/20,2:18 AM,89,176
1745,1555,2023/08/13,2:26 AM,95,746
158,1556,2023/03/25,6:36 PM,39,159
839,1557,2023/03/28,7:21 AM,58,840
994,1558,2023/03/07,6:54 AM,74,995
1016,1559,2023/12/26,4:30 AM,38,17
1188,1560,2023/10/17,11:18 PM,73,189
249,1561,2023/04/13,8:08 PM,99,250
986,1562,2023/10/27,9:46 PM,13,987
1082,1563,2023/01/17,4:05 PM,84,83
1444,1564,2023/12/07,5:15 AM,38,445
1270,1565,2023/02/23,5:49 PM,29,271
991,1566,2023/08/09,11:46 PM,78,992
316,1567,2023/05/19,5:22 PM,26,317
821,1568,2023/11/07,11:22 AM,72,822
1666,1569,2023/09/05,8:07 AM,58,667
168,1570,2023/12/14,8:23 AM,39,169
545,1571,2023/12/08,5:00 PM,94,546
553,1572,2023/07/15,11:46 AM,16,554
741,1573,2023/10/30,1:07 PM,57,742
408,1574,2023/11/27,3:24 PM,58,409
506,1575,2023/04/29,2:55 AM,12,507
1215,1576,2023/07/01,3:00 AM,2,216
135,1577,2023/02/16,5:37 PM,68,136
1442,1578,2023/12/26,1:34 AM,84,443
1363,1579,2023/04/03,8:48 AM,12,364
1683,1580,2023/04/28,8:44 PM,28,684
1063,1581,2023/08/08,7:27 AM,14,64
1963,1582,2023/07/29,4:48 AM,86,964
1002,1583,2023/05/13,12:49 AM,80,3
1176,1584,2023/01/25,8:54 AM,46,177
867,1585,2023/03/08,1:19 AM,88,868
1749,1586,2023/06/04,3:35 PM,2,750
1289,1587,2023/10/22,4:18 AM,82,290
1004,1588,2023/09/03,11:04 PM,80,5
1298,1589,2023/12/28,9:03 PM,90,299
739,1590,2024/01/06,4:55 AM,54,740
303,1591,2023/08/02,8:46 AM,48,304
1966,1592,2023/09/25,4:35 PM,68,967
1528,1593,2023/05/15,9:54 AM,16,529
124,1594,2023/11/17,4:41 AM,27,125
1884,1595,2023/02/27,8:11 AM,15,885
278,1596,2023/08/28,2:08 AM,91,279
1245,1597,2023/11/20,7:52 PM,67,246
1922,1598,2023/05/21,11:44 PM,81,923
1715,1599,2023/02/10,4:23 PM,39,716
156,1600,2023/11/13,2:08 AM,74,157
1527,1601,2023/11/23,12:48 AM,54,528
1988,1602,2023/06/18,5:26 PM,47,989
634,1603,2023/03/18,7:07 AM,88,635
173,1604,2023/04/15,4:16 PM,75,174
1203,1605,2023/06/06,7:06 AM,87,204
1549,1606,2023/08/30,2:32 AM,5,550
418,1607,2023/10/06,8:42 PM,80,419
1031,1608,2023/08/28,11:58 AM,65,32
693,1609,2023/06/22,1:33 AM,98,694
1765,1610,2023/07/19,1:02 PM,62,766
1779,1611,2023/04/10,1:24 AM,86,780
419,1612,2023/12/16,7:36 AM,3,420
434,1613,2023/01/29,8:30 AM,2,435
1413,1614,2024/01/07,11:33 AM,96,414
104,1615,2023/10/15,2:24 AM,50,105
372,1616,2023/04/28,2:00 AM,76,373
1547,1617,2023/06/04,6:28 AM,82,548
1414,1618,2023/09/19,7:44 AM,44,415
1122,1619,2023/05/09,2:29 AM,37,123
926,1620,2023/07/14,8:52 PM,9,927
129,1621,2023/12/30,9:10 AM,30,130
1913,1622,2023/12/13,7:32 AM,2,914
1896,1623,2023/11/23,5:23 AM,21,897
193,1624,2023/04/07,11:24 AM,98,194
897,1625,2023/02/21,2:22 PM,65,898
398,1626,2023/12/04,8:35 AM,45,399
1762,1627,2023/03/02,9:25 PM,7,763
144,1628,2023/11/15,12:30 PM,90,145
69,1629,2023/11/20,3:50 PM,10,70
1908,1630,2023/04/21,12:28 AM,65,909
830,1631,2023/05/05,8:03 PM,84,831
898,1632,2023/09/26,10:59 AM,85,899
1356,1633,2023/10/04,7:58 AM,52,357
258,1634,2023/01/14,12:00 AM,81,259
1382,1635,2023/03/08,12:16 PM,98,383
1766,1636,2023/12/12,8:27 PM,3,767
15,1637,2023/11/21,6:33 PM,67,16
1472,1638,2023/11/29,5:58 AM,78,473
1395,1639,2023/06/05,5:35 PM,82,396
132,1640,2023/12/05,7:03 PM,73,133
1455,1641,2023/08/30,8:23 PM,30,456
260,1642,2023/09/03,8:03 PM,69,261
1488,1643,2023/02/21,7:21 PM,84,489
659,1644,2023/11/06,9:30 AM,32,660
1961,1645,2023/07/09,7:11 PM,76,962
701,1646,2023/01/24,2:07 PM,73,702
53,1647,2023/07/07,6:25 AM,19,54
1524,1648,2023/02/26,3:36 AM,49,525
1246,1649,2023/11/27,10:56 PM,55,247
1501,1650,2023/03/28,7:58 AM,7,502
320,1651,2023/11/19,6:09 AM,99,321
968,1652,2023/03/20,11:11 AM,65,969
1069,1653,2023/04/15,10:18 PM,40,70
1209,1654,2023/08/24,11:26 PM,74,210
837,1655,2023/10/20,11:40 AM,23,838
594,1656,2023/07/11,1:02 AM,100,595
932,1657,2023/03/11,3:16 AM,27,933
860,1658,2023/01/15,11:42 PM,17,861
964,1659,2023/04/26,11:57 AM,81,965
1755,1660,2023/01/29,11:48 AM,95,756
1722,1661,2023/03/29,12:19 AM,42,723
1919,1662,2023/10/20,1:49 PM,54,920
1579,1663,2023/10/25,9:51 AM,12,580
1856,1664,2023/09/30,3:26 AM,31,857
1151,1665,2023/07/07,9:14 AM,1,152
583,1666,2023/10/27,8:00 PM,54,584
1690,1667,2023/01/13,11:43 AM,47,691
1193,1668,2023/07/06,10:59 AM,5,194
838,1669,2023/08/24,9:19 PM,100,839
901,1670,2023/05/21,7:53 PM,63,902
1474,1671,2023/12/27,6:11 PM,89,475
1320,1672,2023/07/01,4:53 PM,67,321
236,1673,2023/10/03,11:30 AM,58,237
93,1674,2023/12/30,5:55 AM,35,94
1372,1675,2023/03/17,4:57 AM,76,373
1196,1676,2023/11/25,6:02 AM,92,197
674,1677,2023/05/03,4:12 PM,46,675
243,1678,2023/08/23,7:41 AM,62,244
773,1679,2023/06/17,4:49 PM,46,774
1865,1680,2023/04/14,7:49 AM,14,866
416,1681,2023/12/26,1:48 AM,39,417
1591,1682,2023/02/27,9:34 PM,13,592
49,1683,2023/03/25,9:39 AM,9,50
79,1684,2023/02/24,6:31 AM,46,80
1699,1685,2023/11/09,1:40 PM,88,700
764,1686,2023/09/14,7:58 PM,56,765
876,1687,2023/08/02,4:27 AM,75,877
100,1688,2023/04/22,6:15 AM,95,101
33,1689,2023/10/20,2:57 PM,8,34
614,1690,2024/01/02,7:44 AM,47,615
646,1691,2023/06/03,12:07 AM,89,647
1624,1692,2023/09/11,7:58 PM,70,625
1689,1693,2023/03/17,1:35 AM,89,690
219,1694,2023/10/09,3:47 AM,13,220
961,1695,2023/04/28,5:04 AM,80,962
579,1696,2023/03/19,7:18 PM,86,580
1362,1697,2023/06/12,3:58 PM,16,363
1516,1698,2023/03/11,1:03 PM,86,517
87,1699,2023/10/31,6:33 PM,62,88
969,1700,2023/11/03,7:15 PM,100,970
47,1701,2023/11/26,1:17 PM,17,48
2,1702,2023/06/24,11:33 AM,86,3
103,1703,2023/11/20,1:34 PM,26,104
1601,1704,2023/04/09,9:10 AM,83,602
758,1705,2023/01/24,10:24 AM,99,759
993,1706,2023/12/10,5:23 PM,54,994
1162,1707,2023/02/23,2:23 PM,28,163
873,1708,2023/05/12,2:32 AM,71,874
771,1709,2023/07/23,4:49 AM,88,772
1962,1710,2023/03/20,8:14 AM,89,963
1830,1711,2023/02/21,6:42 AM,79,831
903,1712,2023/05/01,6:15 PM,79,904
1355,1713,2023/01/25,10:54 PM,100,356
331,1714,2023/11/13,10:32 PM,4,332
1761,1715,2023/08/21,7:58 PM,68,762
64,1716,2023/10/21,11:14 AM,69,65
865,1717,2023/09/28,10:43 PM,25,866
711,1718,2023/10/03,11:19 AM,54,712
1563,1719,2023/05/20,7:11 PM,66,564
311,1720,2023/09/03,6:17 PM,68,312
681,1721,2024/01/05,12:46 AM,71,682
1692,1722,2023/11/14,4:14 PM,1,693
1307,1723,2023/07/10,12:11 PM,81,308
118,1724,2023/08/23,3:31 AM,25,119
347,1725,2023/04/26,2:33 AM,30,348
292,1726,2023/02/18,5:50 AM,77,293
1473,1727,2023/04/16,6:25 PM,50,474
7,1728,2023/09/30,10:53 PM,30,8
1114,1729,2023/09/26,3:18 AM,64,115
1424,1730,2023/05/25,12:30 AM,18,425
1960,1731,2023/02/25,5:05 AM,24,961
307,1732,2023/05/23,3:54 PM,53,308
1827,1733,2023/04/04,11:57 PM,50,828
1450,1734,2023/11/18,6:33 AM,26,451
1641,1735,2023/06/29,1:21 AM,40,642
1999,1736,2023/09/22,10:13 PM,12,1000
922,1737,2023/07/28,9:07 AM,27,923
352,1738,2023/10/31,7:13 AM,45,353
868,1739,2023/10/29,3:43 PM,56,869
1873,1740,2023/07/28,1:17 AM,32,874
339,1741,2023/03/28,9:21 AM,56,340
1821,1742,2023/02/18,5:45 AM,25,822
1119,1743,2023/02/15,1:04 PM,93,120
1889,1744,2023/04/24,9:25 PM,97,890
918,1745,2023/01/19,3:24 AM,77,919
146,1746,2023/09/30,6:11 AM,28,147
746,1747,2023/07/07,5:45 PM,5,747
198,1748,2023/12/31,3:13 AM,36,199
423,1749,2023/05/24,6:06 PM,26,424
324,1750,2023/09/16,6:11 PM,59,325
91,1751,2023/10/31,9:16 AM,11,92
415,1752,2023/04/20,7:40 AM,28,416
1360,1753,2023/06/29,5:00 AM,74,361
1760,1754,2023/04/12,2:18 AM,35,761
65,1755,2023/03/06,10:42 PM,85,66
819,1756,2023/01/10,11:14 PM,28,820
1290,1757,2023/08/22,4:51 PM,46,291
1074,1758,2023/11/11,9:53 AM,14,75
1499,1759,2023/05/25,6:56 PM,66,500
95,1760,2023/04/04,5:19 PM,6,96
1538,1761,2023/08/06,6:31 AM,5,539
457,1762,2023/08/30,6:10 AM,10,458
880,1763,2023/11/23,9:01 AM,96,881
326,1764,2023/06/06,2:10 AM,95,327
401,1765,2023/10/18,1:51 AM,9,402
484,1766,2023/01/27,2:00 AM,59,485
656,1767,2023/02/19,7:22 PM,76,657
978,1768,2023/09/06,11:41 AM,45,979
790,1769,2023/12/11,7:41 PM,56,791
699,1770,2024/01/07,3:31 AM,83,700
98,1771,2023/04/25,7:14 PM,60,99
694,1772,2023/09/07,12:42 PM,10,695
1995,1773,2023/08/26,12:12 PM,85,996
279,1774,2023/12/23,4:07 AM,97,280
1529,1775,2023/03/24,8:36 AM,30,530
1252,1776,2023/10/24,10:36 AM,18,253
1855,1777,2023/11/18,3:36 PM,93,856
871,1778,2023/08/07,12:39 PM,55,872
1463,1779,2023/10/24,8:23 AM,29,464
483,1780,2023/02/22,12:15 PM,74,484
1798,1781,2024/01/07,9:23 AM,40,799
1628,1782,2023/06/08,12:01 PM,6,629
769,1783,2023/03/27,2:33 PM,94,770
1612,1784,2023/06/20,9:14 AM,94,613
608,1785,2023/02/06,6:51 PM,15,609
1874,1786,2023/09/11,3:07 AM,95,875
285,1787,2023/03/13,12:22 AM,16,286
4,1788,2023/08/06,9:54 PM,100,5
137,1789,2023/12/08,12:53 AM,91,138
88,1790,2023/07/28,3:10 AM,93,89
304,1791,2023/10/01,9:10 PM,62,305
1727,1792,2023/09/16,5:53 AM,69,728
872,1793,2023/01/21,12:09 PM,14,873
1904,1794,2023/11/21,12:59 AM,65,905
210,1795,2023/02/14,5:54 PM,29,211
565,1796,2023/08/29,11:55 AM,20,566
253,1797,2023/06/01,8:51 AM,84,254
488,1798,2023/12/26,4:15 AM,51,489
1192,1799,2023/03/14,12:45 PM,62,193
1006,1800,2023/08/27,5:12 PM,41,7
1100,1801,2023/05/05,12:45 AM,82,101
1457,1802,2023/11/18,1:02 PM,71,458
1101,1803,2023/05/14,6:23 PM,52,102
1603,1804,2023/05/30,2:23 AM,93,604
844,1805,2023/02/11,12:27 AM,19,845
767,1806,2023/02/07,8:06 PM,97,768
1604,1807,2023/04/19,2:38 PM,15,605
544,1808,2023/04/15,7:49 AM,55,545
1901,1809,2023/12/27,8:51 AM,20,902
776,1810,2023/05/15,8:20 PM,73,777
21,1811,2023/07/19,3:24 PM,100,22
1716,1812,2023/11/10,12:16 PM,29,717
1946,1813,2023/12/28,4:01 AM,73,947
30,1814,2023/02/24,7:33 AM,48,31
46,1815,2023/11/12,11:00 AM,34,47
1349,1816,2023/06/23,11:21 AM,78,350
1060,1817,2023/08/20,8:42 AM,50,61
1489,1818,2023/04/23,7:28 AM,77,490
1543,1819,2023/11/27,11:09 AM,93,544
856,1820,2023/01/28,8:40 AM,78,857
1581,1821,2023/03/14,2:15 PM,100,582
1983,1822,2023/03/18,10:51 PM,88,984
1893,1823,2023/03/07,5:31 PM,30,894
73,1824,2023/08/05,6:34 AM,6,74
1780,1825,2023/08/07,9:18 PM,25,781
554,1826,2023/05/08,1:37 PM,77,555
1273,1827,2023/03/15,3:52 PM,53,274
1236,1828,2023/07/10,2:38 PM,32,237
1704,1829,2023/03/08,1:07 PM,22,705
719,1830,2023/07/23,1:48 AM,84,720
138,1831,2023/01/22,6:10 AM,48,139
466,1832,2023/09/15,4:14 AM,20,467
1034,1833,2023/10/14,4:15 PM,55,35
1758,1834,2023/12/19,12:15 PM,19,759
1467,1835,2023/08/29,10:08 AM,91,468
899,1836,2023/12/25,6:37 AM,94,900
350,1837,2023/10/11,8:00 PM,82,351
66,1838,2023/03/04,4:34 PM,39,67
373,1839,2023/05/18,5:29 PM,79,374
1533,1840,2023/10/07,4:10 PM,42,534
1718,1841,2023/12/24,4:32 AM,56,719
881,1842,2023/10/21,3:30 PM,54,882
1843,1843,2023/04/18,8:18 AM,77,844
114,1844,2023/03/05,6:49 PM,67,115
41,1845,2023/06/08,5:00 AM,70,42
1412,1846,2023/07/15,9:19 AM,29,413
1911,1847,2023/03/01,5:22 PM,43,912
314,1848,2023/11/04,7:05 PM,63,315
71,1849,2023/10/05,12:38 PM,32,72
1322,1850,2023/11/01,6:45 PM,3,323
795,1851,2023/10/22,6:25 PM,95,796
453,1852,2023/08/19,7:24 AM,59,454
62,1853,2023/12/12,1:48 PM,72,63
1744,1854,2023/01/24,2:10 AM,19,745
1404,1855,2023/04/30,4:10 AM,10,405
572,1856,2023/05/23,9:42 AM,92,573
1241,1857,2023/10/10,11:26 AM,11,242
237,1858,2023/02/27,9:20 PM,85,238
344,1859,2023/08/20,1:17 AM,58,345
1250,1860,2023/08/16,1:47 PM,95,251
277,1861,2023/02/15,7:09 AM,26,278
812,1862,2023/01/31,3:51 PM,59,813
1441,1863,2023/06/11,11:58 PM,1,442
557,1864,2023/09/18,6:11 AM,4,558
742,1865,2023/03/03,1:33 PM,62,743
1926,1866,2023/11/10,6:00 AM,2,927
72,1867,2023/12/20,5:41 AM,6,73
365,1868,2023/05/29,6:06 PM,1,366
1085,1869,2023/12/24,10:08 AM,43,86
551,1870,2023/03/11,8:23 AM,42,552
337,1871,2023/09/17,11:28 AM,22,338
752,1872,2023/02/01,4:36 PM,47,753
1112,1873,2023/05/19,2:00 PM,77,113
1697,1874,2023/07/31,4:08 PM,13,698
190,1875,2023/03/13,1:15 PM,45,191
1353,1876,2023/08/08,12:57 PM,96,354
972,1877,2023/12/10,12:18 AM,27,973
1496,1878,2023/08/26,9:16 AM,39,497
1976,1879,2023/07/28,9:19 AM,2,977
1400,1880,2023/10/05,9:29 PM,46,401
1540,1881,2023/08/19,5:29 PM,62,541
1485,1882,2023/09/11,11:08 AM,92,486
1931,1883,2023/06/14,4:58 PM,47,932
296,1884,2023/03/13,12:32 AM,80,297
1495,1885,2023/08/01,2:47 PM,71,496
1078,1886,2023/10/21,8:30 AM,3,79
763,1887,2023/12/13,7:31 AM,82,764
56,1888,2023/03/05,1:56 PM,33,57
413,1889,2023/08/11,4:11 AM,8,414
1079,1890,2023/03/24,6:41 PM,100,80
1793,1891,2023/06/02,3:04 PM,58,794
1384,1892,2023/12/06,9:00 PM,64,385
1462,1893,2023/11/25,12:44 AM,21,463
1882,1894,2023/02/08,3:36 AM,33,883
97,1895,2023/08/26,11:51 AM,73,98
351,1896,2023/04/21,7:08 PM,90,352
486,1897,2023/05/28,1:16 PM,12,487
393,1898,2023/12/20,4:21 PM,93,394
348,1899,2023/04/30,4:38 PM,29,349
475,1900,2023/11/12,6:52 PM,49,476
1425,1901,2023/08/07,7:59 AM,52,426
70,1902,2023/11/21,1:12 AM,43,71
148,1903,2023/09/23,3:19 AM,74,149
589,1904,2023/10/26,1:55 PM,92,590
1332,1905,2023/03/17,5:38 AM,70,333
1042,1906,2023/08/28,12:32 PM,84,43
610,1907,2023/04/25,9:59 AM,87,611
140,1908,2023/04/09,1:53 PM,84,141
541,1909,2023/12/17,5:44 PM,36,542
561,1910,2023/06/05,1:17 AM,50,562
29,1911,2023/10/02,10:09 AM,36,30
820,1912,2023/12/21,4:53 AM,21,821
1452,1913,2023/06/17,9:20 PM,64,453
1406,1914,2023/09/07,6:59 AM,12,407
1576,1915,2023/09/27,2:30 AM,24,577
343,1916,2023/03/17,6:07 AM,67,344
1782,1917,2023/02/09,12:57 AM,81,783
649,1918,2023/08/14,4:19 PM,16,650
1502,1919,2023/04/15,8:33 PM,90,503
301,1920,2023/12/10,12:44 PM,65,302
1693,1921,2023/10/16,4:07 AM,37,694
1553,1922,2023/07/18,11:08 PM,45,554
888,1923,2023/06/25,11:24 PM,98,889
1197,1924,2023/09/01,7:56 PM,49,198
1066,1925,2023/12/15,7:32 AM,58,67
1638,1926,2024/01/02,4:42 PM,12,639
1510,1927,2023/04/06,12:31 AM,9,511
970,1928,2023/03/06,3:26 AM,86,971
1287,1929,2023/03/15,11:47 PM,34,288
1598,1930,2023/11/30,5:41 AM,7,599
235,1931,2023/01/08,10:27 PM,72,236
684,1932,2023/08/17,12:09 PM,88,685
1676,1933,2023/07/16,4:45 AM,50,677
1447,1934,2023/08/27,9:06 PM,10,448
1134,1935,2023/11/26,2:59 PM,96,135
603,1936,2023/06/01,9:10 PM,82,604
464,1937,2023/05/17,3:33 PM,94,465
172,1938,2023/12/07,11:10 AM,49,173
1056,1939,2023/10/19,2:02 PM,28,57
1040,1940,2023/03/07,7:23 PM,19,41
1764,1941,2023/01/24,3:00 PM,79,765
689,1942,2023/04/10,7:12 PM,46,690
854,1943,2023/12/27,12:43 AM,78,855
1770,1944,2023/08/10,6:22 PM,74,771
1024,1945,2023/03/14,4:35 PM,27,25
1113,1946,2023/04/29,12:14 PM,17,114
122,1947,2023/09/10,4:53 AM,26,123
1688,1948,2023/10/26,9:21 AM,61,689
32,1949,2023/05/18,6:30 AM,86,33
441,1950,2023/08/06,12:00 PM,90,442
1561,1951,2023/08/16,7:07 AM,50,562
1478,1952,2023/01/15,4:00 AM,54,479
31,1953,2023/11/18,11:32 PM,80,32
284,1954,2023/05/16,9:04 PM,21,285
187,1955,2023/08/30,7:44 PM,67,188
1043,1956,2023/03/05,1:01 PM,43,44
1665,1957,2023/04/05,12:34 PM,68,666
1257,1958,2024/01/07,8:36 PM,45,258
1266,1959,2023/10/12,6:03 AM,31,267
672,1960,2023/09/15,1:11 AM,52,673
688,1961,2023/12/30,11:19 AM,71,689
1493,1962,2023/09/17,7:32 AM,2,494
1708,1963,2024/01/03,10:15 PM,99,709
1017,1964,2023/11/19,2:58 AM,73,18
641,1965,2023/07/25,3:49 PM,18,642
143,1966,2023/01/17,11:15 PM,78,144
18,1967,2023/09/20,8:10 PM,47,19
1053,1968,2023/07/19,6:52 AM,81,54
653,1969,2024/01/06,5:32 PM,81,654
716,1970,2023/09/17,7:42 AM,26,717
1861,1971,2023/12/12,6:51 AM,29,862
863,1972,2023/01/20,4:02 AM,69,864
130,1973,2023/03/06,9:38 AM,56,131
760,1974,2023/01/22,6:01 AM,47,761
850,1975,2023/12/27,5:35 PM,51,851
1277,1976,2023/02/12,9:23 AM,42,278
965,1977,2023/05/06,8:36 AM,27,966
663,1978,2023/03/11,2:51 AM,42,664
265,1979,2023/12/03,9:09 AM,47,266
1421,1980,2023/12/25,2:43 AM,45,422
1989,1981,2023/09/06,12:34 AM,46,990
1752,1982,2023/08/09,2:26 PM,20,753
637,1983,2023/07/07,6:46 PM,24,638
1465,1984,2023/07/04,10:45 AM,97,466
1130,1985,2023/08/18,3:04 AM,37,131
975,1986,2023/08/27,3:42 PM,95,976
1565,1987,2023/07/15,4:12 AM,98,566
1083,1988,2023/05/23,11:09 PM,35,84
1435,1989,2023/05/21,5:07 AM,96,436
1065,1990,2023/01/27,7:46 PM,55,66
1299,1991,2023/06/13,3:17 AM,83,300
1296,1992,2023/05/27,9:13 AM,35,297
43,1993,2023/12/24,10:57 PM,21,44
730,1994,2023/01/13,4:09 AM,13,731
329,1995,2023/12/01,12:37 PM,17,330
1050,1996,2023/12/11,7:54 AM,78,51
1283,1997,2023/11/24,3:23 AM,94,284
1653,1998,2023/11/23,11:11 AM,44,654
1103,1999,2023/02/28,2:30 AM,15,104
766,2000,2023/09/28,8:20 AM,94,767
